State,District,Cycle,Nutrient,Village,Value,Category,Low_Threshold,High_Threshold,Unit,Feature_ID
Maharashtra,Satara,2023-24,Nitrogen,Yelgaon,195.6864,Low,280,560,kg/ha,27_494_shc_2023-24.1969
Maharashtra,Satara,2023-24,Nitrogen,Yelgaon,196.94079999999997,Low,280,560,kg/ha,27_494_shc_2023-24.1982
Maharashtra,Satara,2023-24,Nitrogen,Yelgaon,63.97440000000002,Low,280,560,kg/ha,27_494_shc_2023-24.1983
Maharashtra,Satara,2023-24,Nitrogen,Yelgaon,204.4672,Low,280,560,kg/ha,27_494_shc_2023-24.1984
Maharashtra,Satara,2023-24,Nitrogen,Yelgaon,279.7312,Low,280,560,kg/ha,27_494_shc_2023-24.1985
Maharashtra,Satara,2023-24,Nitrogen,Yelgaon,279.7312,Low,280,560,kg/ha,27_494_shc_2023-24.1986
Maharashtra,Satara,2023-24,Nitrogen,Yelgaon,203.21280000000002,Low,280,560,kg/ha,27_494_shc_2023-24.1987
Maharashtra,Satara,2023-24,Nitrogen,Yelgaon,244.60799999999998,Low,280,560,kg/ha,27_494_shc_2023-24.1988
Maharashtra,Satara,2023-24,Nitrogen,Yelgaon,219.51999999999998,Low,280,560,kg/ha,27_494_shc_2023-24.1989
Maharashtra,Satara,2023-24,Nitrogen,Yelgaon,314.85439999999994,Medium,280,560,kg/ha,27_494_shc_2023-24.1990
Maharashtra,Satara,2023-24,Nitrogen,Yelgaon,204.4672,Low,280,560,kg/ha,27_494_shc_2023-24.1991
Maharashtra,Satara,2023-24,Nitrogen,Yelgaon,229.5552,Low,280,560,kg/ha,27_494_shc_2023-24.1992
Maharashtra,Satara,2023-24,Nitrogen,Yelgaon,199.44959999999998,Low,280,560,kg/ha,27_494_shc_2023-24.1993
Maharashtra,Satara,2023-24,Nitrogen,Yelgaon,196.94079999999997,Low,280,560,kg/ha,27_494_shc_2023-24.1994
Maharashtra,Satara,2023-24,Nitrogen,Yelgaon,229.5552,Low,280,560,kg/ha,27_494_shc_2023-24.1995
Maharashtra,Satara,2023-24,Nitrogen,Yelgaon,242.09919999999997,Low,280,560,kg/ha,27_494_shc_2023-24.1996
Maharashtra,Satara,2023-24,Nitrogen,Yelgaon,225.79199999999997,Low,280,560,kg/ha,27_494_shc_2023-24.2390
Maharashtra,Satara,2023-24,Nitrogen,Yelgaon,204.4672,Low,280,560,kg/ha,27_494_shc_2023-24.4059
Maharashtra,Satara,2023-24,Nitrogen,Yelgaon,242.09919999999997,Low,280,560,kg/ha,27_494_shc_2023-24.4065
Maharashtra,Satara,2023-24,Nitrogen,Yelgaon,322.38079999999997,Medium,280,560,kg/ha,27_494_shc_2023-24.5085
Maharashtra,Satara,2023-24,Nitrogen,Yelgaon,279.7312,Low,280,560,kg/ha,27_494_shc_2023-24.5814
Maharashtra,Satara,2023-24,Nitrogen,Yelgaon,270.9504,Low,280,560,kg/ha,27_494_shc_2023-24.9805
Maharashtra,Satara,2023-24,Nitrogen,Yelgaon,229.5552,Low,280,560,kg/ha,27_494_shc_2023-24.10080
Maharashtra,Satara,2023-24,Nitrogen,Yelgaon,63.97440000000002,Low,280,560,kg/ha,27_494_shc_2023-24.10937
Maharashtra,Satara,2023-24,Nitrogen,Yelgaon,189.41439999999997,Low,280,560,kg/ha,27_494_shc_2023-24.12129
Maharashtra,Satara,2023-24,Nitrogen,Maharugadewadi,220.77439999999999,Low,280,560,kg/ha,27_494_shc_2023-24.1517
Maharashtra,Satara,2023-24,Nitrogen,Maharugadewadi,243.3536,Low,280,560,kg/ha,27_494_shc_2023-24.2761
Maharashtra,Satara,2023-24,Nitrogen,Maharugadewadi,233.3184,Low,280,560,kg/ha,27_494_shc_2023-24.5446
Maharashtra,Satara,2023-24,Nitrogen,Maharugadewadi,218.26560000000003,Low,280,560,kg/ha,27_494_shc_2023-24.6168
Maharashtra,Satara,2023-24,Nitrogen,Maharugadewadi,247.11679999999998,Low,280,560,kg/ha,27_494_shc_2023-24.6169
Maharashtra,Satara,2023-24,Nitrogen,Maharugadewadi,156.8,Low,280,560,kg/ha,27_494_shc_2023-24.6552
Maharashtra,Satara,2023-24,Nitrogen,Maharugadewadi,273.4592,Low,280,560,kg/ha,27_494_shc_2023-24.6762
Maharashtra,Satara,2023-24,Nitrogen,Maharugadewadi,223.28320000000002,Low,280,560,kg/ha,27_494_shc_2023-24.6952
Maharashtra,Satara,2023-24,Nitrogen,Maharugadewadi,218.2656,Low,280,560,kg/ha,27_494_shc_2023-24.7029
Maharashtra,Satara,2023-24,Nitrogen,Maharugadewadi,418.96959999999996,Medium,280,560,kg/ha,27_494_shc_2023-24.7155
Maharashtra,Satara,2023-24,Nitrogen,Maharugadewadi,233.31840000000003,Low,280,560,kg/ha,27_494_shc_2023-24.7177
Maharashtra,Satara,2023-24,Nitrogen,Maharugadewadi,227.0464,Low,280,560,kg/ha,27_494_shc_2023-24.8408
Maharashtra,Satara,2023-24,Nitrogen,Maharugadewadi,228.30079999999998,Low,280,560,kg/ha,27_494_shc_2023-24.9028
Maharashtra,Satara,2023-24,Nitrogen,Maharugadewadi,229.5552,Low,280,560,kg/ha,27_494_shc_2023-24.9164
Maharashtra,Satara,2023-24,Nitrogen,Maharugadewadi,339.94239999999996,Medium,280,560,kg/ha,27_494_shc_2023-24.9183
Maharashtra,Satara,2023-24,Nitrogen,Maharugadewadi,235.82719999999998,Low,280,560,kg/ha,27_494_shc_2023-24.9186
Maharashtra,Satara,2023-24,Nitrogen,Maharugadewadi,319.872,Medium,280,560,kg/ha,27_494_shc_2023-24.9187
Maharashtra,Satara,2023-24,Nitrogen,Maharugadewadi,228.30080000000004,Low,280,560,kg/ha,27_494_shc_2023-24.9188
Maharashtra,Satara,2023-24,Nitrogen,Maharugadewadi,220.7744,Low,280,560,kg/ha,27_494_shc_2023-24.9189
Maharashtra,Satara,2023-24,Nitrogen,Maharugadewadi,156.8,Low,280,560,kg/ha,27_494_shc_2023-24.9203
Maharashtra,Satara,2023-24,Nitrogen,Maharugadewadi,319.872,Medium,280,560,kg/ha,27_494_shc_2023-24.9204
Maharashtra,Satara,2023-24,Nitrogen,Maharugadewadi,449.0752,Medium,280,560,kg/ha,27_494_shc_2023-24.9205
Maharashtra,Satara,2023-24,Nitrogen,Maharugadewadi,254.64320000000004,Low,280,560,kg/ha,27_494_shc_2023-24.9206
Maharashtra,Satara,2023-24,Nitrogen,Maharugadewadi,130.4576,Low,280,560,kg/ha,27_494_shc_2023-24.9208
Maharashtra,Satara,2023-24,Nitrogen,Maharugadewadi,242.09920000000002,Low,280,560,kg/ha,27_494_shc_2023-24.9209
Maharashtra,Satara,2023-24,Nitrogen,Maharugadewadi,309.83680000000004,Medium,280,560,kg/ha,27_494_shc_2023-24.9210
Maharashtra,Satara,2023-24,Nitrogen,Maharugadewadi,148.01919999999998,Low,280,560,kg/ha,27_494_shc_2023-24.9211
Maharashtra,Satara,2023-24,Nitrogen,Maharugadewadi,284.74879999999996,Medium,280,560,kg/ha,27_494_shc_2023-24.9212
Maharashtra,Satara,2023-24,Nitrogen,Maharugadewadi,148.01919999999998,Low,280,560,kg/ha,27_494_shc_2023-24.9214
Maharashtra,Satara,2023-24,Nitrogen,Maharugadewadi,242.09920000000002,Low,280,560,kg/ha,27_494_shc_2023-24.9215
Maharashtra,Satara,2023-24,Nitrogen,Maharugadewadi,279.7312,Low,280,560,kg/ha,27_494_shc_2023-24.9216
Maharashtra,Satara,2023-24,Nitrogen,Maharugadewadi,194.43200000000002,Low,280,560,kg/ha,27_494_shc_2023-24.9217
Maharashtra,Satara,2023-24,Nitrogen,Maharugadewadi,245.86239999999998,Low,280,560,kg/ha,27_494_shc_2023-24.9218
Maharashtra,Satara,2023-24,Nitrogen,Maharugadewadi,229.5552,Low,280,560,kg/ha,27_494_shc_2023-24.9219
Maharashtra,Satara,2023-24,Nitrogen,Maharugadewadi,210.7392,Low,280,560,kg/ha,27_494_shc_2023-24.9220
Maharashtra,Satara,2023-24,Nitrogen,Maharugadewadi,423.9872,Medium,280,560,kg/ha,27_494_shc_2023-24.9221
Maharashtra,Satara,2023-24,Nitrogen,Maharugadewadi,268.4416,Low,280,560,kg/ha,27_494_shc_2023-24.9222
Maharashtra,Satara,2023-24,Nitrogen,Maharugadewadi,262.1696,Low,280,560,kg/ha,27_494_shc_2023-24.9223
Maharashtra,Satara,2023-24,Nitrogen,Maharugadewadi,137.98399999999998,Low,280,560,kg/ha,27_494_shc_2023-24.9224
Maharashtra,Satara,2023-24,Nitrogen,Maharugadewadi,218.2656,Low,280,560,kg/ha,27_494_shc_2023-24.9225
Maharashtra,Satara,2023-24,Nitrogen,Maharugadewadi,227.04639999999998,Low,280,560,kg/ha,27_494_shc_2023-24.9226
Maharashtra,Satara,2023-24,Nitrogen,Maharugadewadi,220.77439999999999,Low,280,560,kg/ha,27_494_shc_2023-24.9227
Maharashtra,Satara,2023-24,Nitrogen,Maharugadewadi,185.65119999999996,Low,280,560,kg/ha,27_494_shc_2023-24.9228
Maharashtra,Satara,2023-24,Nitrogen,Maharugadewadi,223.2832,Low,280,560,kg/ha,27_494_shc_2023-24.9229
Maharashtra,Satara,2023-24,Nitrogen,Maharugadewadi,230.80960000000002,Low,280,560,kg/ha,27_494_shc_2023-24.9230
Maharashtra,Satara,2023-24,Nitrogen,Maharugadewadi,140.4928,Low,280,560,kg/ha,27_494_shc_2023-24.9262
Maharashtra,Satara,2023-24,Nitrogen,Maharugadewadi,238.336,Low,280,560,kg/ha,27_494_shc_2023-24.9263
Maharashtra,Satara,2023-24,Nitrogen,Maharugadewadi,224.5376,Low,280,560,kg/ha,27_494_shc_2023-24.9319
Maharashtra,Satara,2023-24,Nitrogen,Maharugadewadi,150.52800000000002,Low,280,560,kg/ha,27_494_shc_2023-24.9320
Maharashtra,Satara,2023-24,Nitrogen,Maharugadewadi,232.064,Low,280,560,kg/ha,27_494_shc_2023-24.9321
Maharashtra,Satara,2023-24,Nitrogen,Dushere,296.04,Medium,280,560,kg/ha,27_494_shc_2023-24.1898
Maharashtra,Satara,2023-24,Nitrogen,Dushere,264.68,Low,280,560,kg/ha,27_494_shc_2023-24.1899
Maharashtra,Satara,2023-24,Nitrogen,Dushere,306.07,Medium,280,560,kg/ha,27_494_shc_2023-24.1900
Maharashtra,Satara,2023-24,Nitrogen,Dushere,229.56,Low,280,560,kg/ha,27_494_shc_2023-24.1904
Maharashtra,Satara,2023-24,Nitrogen,Dushere,265.93,Low,280,560,kg/ha,27_494_shc_2023-24.1906
Maharashtra,Satara,2023-24,Nitrogen,Dushere,306.07,Medium,280,560,kg/ha,27_494_shc_2023-24.6714
Maharashtra,Satara,2023-24,Nitrogen,Dushere,228.3,Low,280,560,kg/ha,27_494_shc_2023-24.6903
Maharashtra,Satara,2023-24,Nitrogen,Dushere,263.424,Low,280,560,kg/ha,27_494_shc_2023-24.9973
Maharashtra,Satara,2023-24,Nitrogen,Dushere,298.5472,Medium,280,560,kg/ha,27_494_shc_2023-24.10142
Maharashtra,Satara,2023-24,Nitrogen,Tulsan,319.872,Medium,280,560,kg/ha,27_494_shc_2023-24.5433
Maharashtra,Satara,2023-24,Nitrogen,Tulsan,323.6352,Medium,280,560,kg/ha,27_494_shc_2023-24.9298
Maharashtra,Satara,2023-24,Nitrogen,Manu,318.6176,Medium,280,560,kg/ha,27_494_shc_2023-24.9018
Maharashtra,Satara,2023-24,Nitrogen,Manu,188.16,Low,280,560,kg/ha,27_494_shc_2023-24.9165
Maharashtra,Satara,2023-24,Nitrogen,Manu,205.72160000000002,Low,280,560,kg/ha,27_494_shc_2023-24.11695
Maharashtra,Satara,2023-24,Nitrogen,Vathar,440.29439999999994,Medium,280,560,kg/ha,27_494_shc_2023-24.2923
Maharashtra,Satara,2023-24,Nitrogen,Vathar,170.59839999999997,Low,280,560,kg/ha,27_494_shc_2023-24.3472
Maharashtra,Satara,2023-24,Nitrogen,Dushere,218.27,Low,280,560,kg/ha,27_494_shc_2023-24.5050
Maharashtra,Satara,2023-24,Nitrogen,Rethare kh.,324.8896,Medium,280,560,kg/ha,27_494_shc_2023-24.7162
Maharashtra,Satara,2023-24,Nitrogen,Vathar,201.95840000000004,Low,280,560,kg/ha,27_494_shc_2023-24.11469
Maharashtra,Satara,2023-24,Nitrogen,Vathar,324.88960000000003,Medium,280,560,kg/ha,27_494_shc_2023-24.11484
Maharashtra,Satara,2023-24,Nitrogen,Maldan,62.72,Low,280,560,kg/ha,27_494_shc_2023-24.6101
Maharashtra,Satara,2023-24,Nitrogen,Maldan,200.70399999999998,Low,280,560,kg/ha,27_494_shc_2023-24.6105
Maharashtra,Satara,2023-24,Nitrogen,Maldan,163.072,Low,280,560,kg/ha,27_494_shc_2023-24.6112
Maharashtra,Satara,2023-24,Nitrogen,Janugdewadi,72.7552,Low,280,560,kg/ha,27_494_shc_2023-24.6517
Maharashtra,Satara,2023-24,Nitrogen,Kadhane,94.08,Low,280,560,kg/ha,27_494_shc_2023-24.1478
Maharashtra,Satara,2023-24,Nitrogen,Ving,307.32800000000003,Medium,280,560,kg/ha,27_494_shc_2023-24.1709
Maharashtra,Satara,2023-24,Nitrogen,Ving,243.3536,Low,280,560,kg/ha,27_494_shc_2023-24.1711
Maharashtra,Satara,2023-24,Nitrogen,Tupewadi,173.1072,Low,280,560,kg/ha,27_494_shc_2023-24.3454
Maharashtra,Satara,2023-24,Nitrogen,Tupewadi,148.01919999999998,Low,280,560,kg/ha,27_494_shc_2023-24.4577
Maharashtra,Satara,2023-24,Nitrogen,Tupewadi,160.5632,Low,280,560,kg/ha,27_494_shc_2023-24.4578
Maharashtra,Satara,2023-24,Nitrogen,Bagalwadi,131.712,Low,280,560,kg/ha,27_494_shc_2023-24.4585
Maharashtra,Satara,2023-24,Nitrogen,Tupewadi,110.3872,Low,280,560,kg/ha,27_494_shc_2023-24.4588
Maharashtra,Satara,2023-24,Nitrogen,Tupewadi,148.01919999999998,Low,280,560,kg/ha,27_494_shc_2023-24.4589
Maharashtra,Satara,2023-24,Nitrogen,Tupewadi,148.01919999999998,Low,280,560,kg/ha,27_494_shc_2023-24.4591
Maharashtra,Satara,2023-24,Nitrogen,Tupewadi,148.01919999999998,Low,280,560,kg/ha,27_494_shc_2023-24.4592
Maharashtra,Satara,2023-24,Nitrogen,Bagalwadi,106.62400000000001,Low,280,560,kg/ha,27_494_shc_2023-24.5640
Maharashtra,Satara,2023-24,Nitrogen,Tupewadi,160.5632,Low,280,560,kg/ha,27_494_shc_2023-24.7371
Maharashtra,Satara,2023-24,Nitrogen,Kadhane,119.16799999999999,Low,280,560,kg/ha,27_494_shc_2023-24.7597
Maharashtra,Satara,2023-24,Nitrogen,Kadhane,131.712,Low,280,560,kg/ha,27_494_shc_2023-24.7607
Maharashtra,Satara,2023-24,Nitrogen,Kadhane,119.16799999999999,Low,280,560,kg/ha,27_494_shc_2023-24.7619
Maharashtra,Satara,2023-24,Nitrogen,Kadhane,144.256,Low,280,560,kg/ha,27_494_shc_2023-24.7623
Maharashtra,Satara,2023-24,Nitrogen,Kadhane,119.16799999999999,Low,280,560,kg/ha,27_494_shc_2023-24.7626
Maharashtra,Satara,2023-24,Nitrogen,Kadhane,144.256,Low,280,560,kg/ha,27_494_shc_2023-24.7627
Maharashtra,Satara,2023-24,Nitrogen,Kadhane,131.712,Low,280,560,kg/ha,27_494_shc_2023-24.7642
Maharashtra,Satara,2023-24,Nitrogen,Kole,97.8432,Low,280,560,kg/ha,27_494_shc_2023-24.4174
Maharashtra,Satara,2023-24,Nitrogen,Ving,299.8016,Medium,280,560,kg/ha,27_494_shc_2023-24.1681
Maharashtra,Satara,2023-24,Nitrogen,Ving,220.7744,Low,280,560,kg/ha,27_494_shc_2023-24.1712
Maharashtra,Satara,2023-24,Nitrogen,Ving,299.8016,Medium,280,560,kg/ha,27_494_shc_2023-24.1714
Maharashtra,Satara,2023-24,Nitrogen,Ving,237.0816,Low,280,560,kg/ha,27_494_shc_2023-24.1716
Maharashtra,Satara,2023-24,Nitrogen,Ving,240.8448,Low,280,560,kg/ha,27_494_shc_2023-24.1717
Maharashtra,Satara,2023-24,Nitrogen,Ving,307.32800000000003,Medium,280,560,kg/ha,27_494_shc_2023-24.4856
Maharashtra,Satara,2023-24,Nitrogen,Ving,313.6,Medium,280,560,kg/ha,27_494_shc_2023-24.6667
Maharashtra,Satara,2023-24,Nitrogen,Ving,186.90560000000002,Low,280,560,kg/ha,27_494_shc_2023-24.6870
Maharashtra,Satara,2023-24,Nitrogen,Ving,307.32800000000003,Medium,280,560,kg/ha,27_494_shc_2023-24.7051
Maharashtra,Satara,2023-24,Nitrogen,Ving,184.3968,Low,280,560,kg/ha,27_494_shc_2023-24.7707
Maharashtra,Satara,2023-24,Nitrogen,Ving,289.7664,Medium,280,560,kg/ha,27_494_shc_2023-24.8651
Maharashtra,Satara,2023-24,Nitrogen,Ving,119.168,Low,280,560,kg/ha,27_494_shc_2023-24.8662
Maharashtra,Satara,2023-24,Nitrogen,Ving,176.87040000000002,Low,280,560,kg/ha,27_494_shc_2023-24.8676
Maharashtra,Satara,2023-24,Nitrogen,Ving,101.6064,Low,280,560,kg/ha,27_494_shc_2023-24.8800
Maharashtra,Satara,2023-24,Nitrogen,Dushere,219.52,Low,280,560,kg/ha,27_494_shc_2023-24.1858
Maharashtra,Satara,2023-24,Nitrogen,Dushere,247.12,Low,280,560,kg/ha,27_494_shc_2023-24.1875
Maharashtra,Satara,2023-24,Nitrogen,Dushere,313.6,Medium,280,560,kg/ha,27_494_shc_2023-24.1876
Maharashtra,Satara,2023-24,Nitrogen,Dushere,219.52,Low,280,560,kg/ha,27_494_shc_2023-24.1882
Maharashtra,Satara,2023-24,Nitrogen,Dushere,293.53,Medium,280,560,kg/ha,27_494_shc_2023-24.3137
Maharashtra,Satara,2023-24,Nitrogen,Dushere,258.41,Low,280,560,kg/ha,27_494_shc_2023-24.7483
Maharashtra,Satara,2023-24,Nitrogen,Dushere,235.83,Low,280,560,kg/ha,27_494_shc_2023-24.1857
Maharashtra,Satara,2023-24,Nitrogen,Wadgaon Haveli,302.3104,Medium,280,560,kg/ha,27_494_shc_2023-24.7081
Maharashtra,Satara,2023-24,Nitrogen,Wadgaon Haveli,114.15040000000002,Low,280,560,kg/ha,27_494_shc_2023-24.7311
Maharashtra,Satara,2023-24,Nitrogen,Wadgaon Haveli,169.344,Low,280,560,kg/ha,27_494_shc_2023-24.7312
Maharashtra,Satara,2023-24,Nitrogen,Wadgaon Haveli,140.49280000000002,Low,280,560,kg/ha,27_494_shc_2023-24.9858
Maharashtra,Satara,2023-24,Nitrogen,Wadgaon Haveli,145.5104,Low,280,560,kg/ha,27_494_shc_2023-24.9894
Maharashtra,Satara,2023-24,Nitrogen,Wadgaon Haveli,264.67839999999995,Low,280,560,kg/ha,27_494_shc_2023-24.9895
Maharashtra,Satara,2023-24,Nitrogen,Wadgaon Haveli,145.5104,Low,280,560,kg/ha,27_494_shc_2023-24.9896
Maharashtra,Satara,2023-24,Nitrogen,Wadgaon Haveli,158.0544,Low,280,560,kg/ha,27_494_shc_2023-24.9904
Maharashtra,Satara,2023-24,Nitrogen,Wadgaon Haveli,105.3696,Low,280,560,kg/ha,27_494_shc_2023-24.9905
Maharashtra,Satara,2023-24,Nitrogen,Wadgaon Haveli,181.888,Low,280,560,kg/ha,27_494_shc_2023-24.9933
Maharashtra,Satara,2023-24,Nitrogen,Wadgaon Haveli,186.90560000000002,Low,280,560,kg/ha,27_494_shc_2023-24.9968
Maharashtra,Satara,2023-24,Nitrogen,Wadgaon Haveli,186.90560000000002,Low,280,560,kg/ha,27_494_shc_2023-24.9969
Maharashtra,Satara,2023-24,Nitrogen,Wadgaon Haveli,200.704,Low,280,560,kg/ha,27_494_shc_2023-24.10082
Maharashtra,Satara,2023-24,Nitrogen,Wadgaon Haveli,178.1248,Low,280,560,kg/ha,27_494_shc_2023-24.10086
Maharashtra,Satara,2023-24,Nitrogen,Vihe,150.528,Low,280,560,kg/ha,27_494_shc_2023-24.1846
Maharashtra,Satara,2023-24,Nitrogen,Vihe,137.984,Low,280,560,kg/ha,27_494_shc_2023-24.5562
Maharashtra,Satara,2023-24,Nitrogen,Vihe,163.072,Low,280,560,kg/ha,27_494_shc_2023-24.9985
Maharashtra,Satara,2023-24,Nitrogen,Vihe,87.80799999999999,Low,280,560,kg/ha,27_494_shc_2023-24.10016
Maharashtra,Satara,2023-24,Nitrogen,Vihe,125.44,Low,280,560,kg/ha,27_494_shc_2023-24.10167
Maharashtra,Satara,2023-24,Nitrogen,Vihe,200.70399999999998,Low,280,560,kg/ha,27_494_shc_2023-24.10168
Maharashtra,Satara,2023-24,Nitrogen,Jarewadi,122.93119999999999,Low,280,560,kg/ha,27_494_shc_2023-24.5300
Maharashtra,Satara,2023-24,Nitrogen,Jarewadi,148.01919999999998,Low,280,560,kg/ha,27_494_shc_2023-24.5624
Maharashtra,Satara,2023-24,Nitrogen,Jarewadi,110.3872,Low,280,560,kg/ha,27_494_shc_2023-24.7654
Maharashtra,Satara,2023-24,Nitrogen,Jarewadi,122.93119999999999,Low,280,560,kg/ha,27_494_shc_2023-24.10729
Maharashtra,Satara,2023-24,Nitrogen,Jarewadi,148.01919999999998,Low,280,560,kg/ha,27_494_shc_2023-24.10752
Maharashtra,Satara,2023-24,Nitrogen,Jarewadi,185.65120000000002,Low,280,560,kg/ha,27_494_shc_2023-24.10753
Maharashtra,Satara,2023-24,Nitrogen,Jarewadi,210.73919999999998,Low,280,560,kg/ha,27_494_shc_2023-24.10754
Maharashtra,Satara,2023-24,Nitrogen,Jarewadi,135.4752,Low,280,560,kg/ha,27_494_shc_2023-24.10756
Maharashtra,Satara,2023-24,Nitrogen,Jarewadi,122.93119999999999,Low,280,560,kg/ha,27_494_shc_2023-24.10757
Maharashtra,Satara,2023-24,Nitrogen,Jarewadi,148.01919999999998,Low,280,560,kg/ha,27_494_shc_2023-24.10758
Maharashtra,Satara,2023-24,Nitrogen,Jarewadi,135.4752,Low,280,560,kg/ha,27_494_shc_2023-24.10788
Maharashtra,Satara,2023-24,Nitrogen,Jarewadi,173.1072,Low,280,560,kg/ha,27_494_shc_2023-24.10789
Maharashtra,Satara,2023-24,Nitrogen,Jarewadi,135.4752,Low,280,560,kg/ha,27_494_shc_2023-24.10790
Maharashtra,Satara,2023-24,Nitrogen,Jarewadi,148.01919999999998,Low,280,560,kg/ha,27_494_shc_2023-24.12007
Maharashtra,Satara,2023-24,Nitrogen,Delewadi,225.79,Low,280,560,kg/ha,27_494_shc_2023-24.1582
Maharashtra,Satara,2023-24,Nitrogen,Delewadi,235.83,Low,280,560,kg/ha,27_494_shc_2023-24.2101
Maharashtra,Satara,2023-24,Nitrogen,Delewadi,233.32,Low,280,560,kg/ha,27_494_shc_2023-24.2788
Maharashtra,Satara,2023-24,Nitrogen,Delewadi,237.08159999999995,Low,280,560,kg/ha,27_494_shc_2023-24.2909
Maharashtra,Satara,2023-24,Nitrogen,Meravewadi,437.7856,Medium,280,560,kg/ha,27_494_shc_2023-24.10362
Maharashtra,Satara,2023-24,Nitrogen,Meravewadi,209.48479999999998,Low,280,560,kg/ha,27_494_shc_2023-24.10385
Maharashtra,Satara,2023-24,Nitrogen,Meravewadi,176.87039999999996,Low,280,560,kg/ha,27_494_shc_2023-24.10386
Maharashtra,Satara,2023-24,Nitrogen,Antvadi,275.97,Low,280,560,kg/ha,27_494_shc_2023-24.10722
Maharashtra,Satara,2023-24,Nitrogen,Belavade kh.,210.7,Low,280,560,kg/ha,27_494_shc_2023-24.4636
Maharashtra,Satara,2023-24,Nitrogen,Belavade kh.,185.7,Low,280,560,kg/ha,27_494_shc_2023-24.4638
Maharashtra,Satara,2023-24,Nitrogen,Belavade kh.,148.0,Low,280,560,kg/ha,27_494_shc_2023-24.4644
Maharashtra,Satara,2023-24,Nitrogen,Belavade kh.,160.6,Low,280,560,kg/ha,27_494_shc_2023-24.6963
Maharashtra,Satara,2023-24,Nitrogen,Nisare,100.352,Low,280,560,kg/ha,27_494_shc_2023-24.1845
Maharashtra,Satara,2023-24,Nitrogen,Vihe,137.984,Low,280,560,kg/ha,27_494_shc_2023-24.1847
Maharashtra,Satara,2023-24,Nitrogen,Beldare,183.14239999999998,Low,280,560,kg/ha,27_494_shc_2023-24.4158
Maharashtra,Satara,2023-24,Nitrogen,Beldare,240.8448,Low,280,560,kg/ha,27_494_shc_2023-24.4185
Maharashtra,Satara,2023-24,Nitrogen,Beldare,278.4768,Low,280,560,kg/ha,27_494_shc_2023-24.4188
Maharashtra,Satara,2023-24,Nitrogen,Vihe,150.528,Low,280,560,kg/ha,27_494_shc_2023-24.6404
Maharashtra,Satara,2023-24,Nitrogen,Malharpeth,94.08,Low,280,560,kg/ha,27_494_shc_2023-24.6833
Maharashtra,Satara,2023-24,Nitrogen,Beldare,353.74080000000004,Medium,280,560,kg/ha,27_494_shc_2023-24.7087
Maharashtra,Satara,2023-24,Nitrogen,Malharpeth,119.16799999999999,Low,280,560,kg/ha,27_494_shc_2023-24.7746
Maharashtra,Satara,2023-24,Nitrogen,Nisare,112.89600000000002,Low,280,560,kg/ha,27_494_shc_2023-24.7759
Maharashtra,Satara,2023-24,Nitrogen,Vihe,112.89600000000002,Low,280,560,kg/ha,27_494_shc_2023-24.7908
Maharashtra,Satara,2023-24,Nitrogen,Malharpeth,119.16799999999999,Low,280,560,kg/ha,27_494_shc_2023-24.10011
Maharashtra,Satara,2023-24,Nitrogen,Nisare,131.712,Low,280,560,kg/ha,27_494_shc_2023-24.10018
Maharashtra,Satara,2023-24,Nitrogen,Malharpeth,119.16799999999999,Low,280,560,kg/ha,27_494_shc_2023-24.10158
Maharashtra,Satara,2023-24,Nitrogen,Vihe,125.44,Low,280,560,kg/ha,27_494_shc_2023-24.10169
Maharashtra,Satara,2023-24,Nitrogen,Abachiwadi,224.5376,Low,280,560,kg/ha,27_494_shc_2023-24.4058
Maharashtra,Satara,2023-24,Nitrogen,Beldare,248.3712,Low,280,560,kg/ha,27_494_shc_2023-24.4060
Maharashtra,Satara,2023-24,Nitrogen,Abachiwadi,188.16,Low,280,560,kg/ha,27_494_shc_2023-24.4063
Maharashtra,Satara,2023-24,Nitrogen,Beldare,228.30080000000004,Low,280,560,kg/ha,27_494_shc_2023-24.4186
Maharashtra,Satara,2023-24,Nitrogen,Vahagaon,232.06,Low,280,560,kg/ha,27_494_shc_2023-24.2198
Maharashtra,Satara,2023-24,Nitrogen,Vahagaon,219.52,Low,280,560,kg/ha,27_494_shc_2023-24.2201
Maharashtra,Satara,2023-24,Nitrogen,Vahagaon,240.84,Low,280,560,kg/ha,27_494_shc_2023-24.2202
Maharashtra,Satara,2023-24,Nitrogen,Vahagaon,156.8,Low,280,560,kg/ha,27_494_shc_2023-24.2204
Maharashtra,Satara,2023-24,Nitrogen,Vahagaon,269.7,Low,280,560,kg/ha,27_494_shc_2023-24.2210
Maharashtra,Satara,2023-24,Nitrogen,Vahagaon,234.57,Low,280,560,kg/ha,27_494_shc_2023-24.2211
Maharashtra,Satara,2023-24,Nitrogen,Vahagaon,358.76,Medium,280,560,kg/ha,27_494_shc_2023-24.2212
Maharashtra,Satara,2023-24,Nitrogen,Vahagaon,272.2,Low,280,560,kg/ha,27_494_shc_2023-24.2214
Maharashtra,Satara,2023-24,Nitrogen,Vahagaon,298.55,Medium,280,560,kg/ha,27_494_shc_2023-24.2215
Maharashtra,Satara,2023-24,Nitrogen,Vahagaon,260.92,Low,280,560,kg/ha,27_494_shc_2023-24.2219
Maharashtra,Satara,2023-24,Nitrogen,Vahagaon,260.92,Low,280,560,kg/ha,27_494_shc_2023-24.2220
Maharashtra,Satara,2023-24,Nitrogen,Vahagaon,223.28,Low,280,560,kg/ha,27_494_shc_2023-24.5390
Maharashtra,Satara,2023-24,Nitrogen,Vahagaon,211.99,Low,280,560,kg/ha,27_494_shc_2023-24.5391
Maharashtra,Satara,2023-24,Nitrogen,Vahagaon,224.54,Low,280,560,kg/ha,27_494_shc_2023-24.5645
Maharashtra,Satara,2023-24,Nitrogen,Vahagaon,327.4,Medium,280,560,kg/ha,27_494_shc_2023-24.7028
Maharashtra,Satara,2023-24,Nitrogen,Vahagaon,210.74,Low,280,560,kg/ha,27_494_shc_2023-24.7357
Maharashtra,Satara,2023-24,Nitrogen,Vahagaon,234.57,Low,280,560,kg/ha,27_494_shc_2023-24.7372
Maharashtra,Satara,2023-24,Nitrogen,Vahagaon,188.15999999999997,Low,280,560,kg/ha,27_494_shc_2023-24.9359
Maharashtra,Satara,2023-24,Nitrogen,Vahagaon,232.06,Low,280,560,kg/ha,27_494_shc_2023-24.11545
Maharashtra,Satara,2023-24,Nitrogen,Koparde Haveli,334.9248,Medium,280,560,kg/ha,27_494_shc_2023-24.1762
Maharashtra,Satara,2023-24,Nitrogen,Koparde Haveli,193.1776,Low,280,560,kg/ha,27_494_shc_2023-24.7477
Maharashtra,Satara,2023-24,Nitrogen,Vagheri,314.8544,Medium,280,560,kg/ha,27_494_shc_2023-24.3284
Maharashtra,Satara,2023-24,Nitrogen,Karavadi,232.06399999999996,Low,280,560,kg/ha,27_494_shc_2023-24.3887
Maharashtra,Satara,2023-24,Nitrogen,Vadoli Nileshwar,317.36319999999995,Medium,280,560,kg/ha,27_494_shc_2023-24.3889
Maharashtra,Satara,2023-24,Nitrogen,Vadoli Nileshwar,188.16,Low,280,560,kg/ha,27_494_shc_2023-24.5688
Maharashtra,Satara,2023-24,Nitrogen,Karavadi,326.14399999999995,Medium,280,560,kg/ha,27_494_shc_2023-24.6568
Maharashtra,Satara,2023-24,Nitrogen,Vagheri,282.24,Medium,280,560,kg/ha,27_494_shc_2023-24.7142
Maharashtra,Satara,2023-24,Nitrogen,Vadoli Nileshwar,415.2064,Medium,280,560,kg/ha,27_494_shc_2023-24.7445
Maharashtra,Satara,2023-24,Nitrogen,Karavadi,234.5728,Low,280,560,kg/ha,27_494_shc_2023-24.9659
Maharashtra,Satara,2023-24,Nitrogen,Karavadi,204.4672,Low,280,560,kg/ha,27_494_shc_2023-24.9662
Maharashtra,Satara,2023-24,Nitrogen,Vagheri,198.1952,Low,280,560,kg/ha,27_494_shc_2023-24.10648
Maharashtra,Satara,2023-24,Nitrogen,Khonoli,318.6176,Medium,280,560,kg/ha,27_494_shc_2023-24.2488
Maharashtra,Satara,2023-24,Nitrogen,Khonoli,259.6608,Low,280,560,kg/ha,27_494_shc_2023-24.2514
Maharashtra,Satara,2023-24,Nitrogen,Khonoli,277.2224,Low,280,560,kg/ha,27_494_shc_2023-24.3161
Maharashtra,Satara,2023-24,Nitrogen,Khonoli,503.0144000000001,Medium,280,560,kg/ha,27_494_shc_2023-24.3162
Maharashtra,Satara,2023-24,Nitrogen,Khonoli,232.064,Low,280,560,kg/ha,27_494_shc_2023-24.5182
Maharashtra,Satara,2023-24,Nitrogen,Khonoli,161.8176,Low,280,560,kg/ha,27_494_shc_2023-24.5565
Maharashtra,Satara,2023-24,Nitrogen,Khonoli,242.09919999999997,Low,280,560,kg/ha,27_494_shc_2023-24.5822
Maharashtra,Satara,2023-24,Nitrogen,Khonoli,321.1264,Medium,280,560,kg/ha,27_494_shc_2023-24.6595
Maharashtra,Satara,2023-24,Nitrogen,Khonoli,309.8368,Medium,280,560,kg/ha,27_494_shc_2023-24.6709
Maharashtra,Satara,2023-24,Nitrogen,Khonoli,440.2944,Medium,280,560,kg/ha,27_494_shc_2023-24.6710
Maharashtra,Satara,2023-24,Nitrogen,Khonoli,267.18719999999996,Low,280,560,kg/ha,27_494_shc_2023-24.6727
Maharashtra,Satara,2023-24,Nitrogen,Khonoli,361.2672,Medium,280,560,kg/ha,27_494_shc_2023-24.7816
Maharashtra,Satara,2023-24,Nitrogen,Khonoli,148.01919999999998,Low,280,560,kg/ha,27_494_shc_2023-24.7986
Maharashtra,Satara,2023-24,Nitrogen,Khonoli,292.2752,Medium,280,560,kg/ha,27_494_shc_2023-24.8902
Maharashtra,Satara,2023-24,Nitrogen,Khonoli,262.1696,Low,280,560,kg/ha,27_494_shc_2023-24.8932
Maharashtra,Satara,2023-24,Nitrogen,Khonoli,263.424,Low,280,560,kg/ha,27_494_shc_2023-24.8948
Maharashtra,Satara,2023-24,Nitrogen,Khonoli,175.61599999999999,Low,280,560,kg/ha,27_494_shc_2023-24.10180
Maharashtra,Satara,2023-24,Nitrogen,Khonoli,156.8,Low,280,560,kg/ha,27_494_shc_2023-24.10181
Maharashtra,Satara,2023-24,Nitrogen,Khonoli,154.2912,Low,280,560,kg/ha,27_494_shc_2023-24.10182
Maharashtra,Satara,2023-24,Nitrogen,Khonoli,161.8176,Low,280,560,kg/ha,27_494_shc_2023-24.10183
Maharashtra,Satara,2023-24,Nitrogen,Khonoli,249.62559999999996,Low,280,560,kg/ha,27_494_shc_2023-24.10184
Maharashtra,Satara,2023-24,Nitrogen,Khonoli,252.13439999999997,Low,280,560,kg/ha,27_494_shc_2023-24.10185
Maharashtra,Satara,2023-24,Nitrogen,Khonoli,267.18719999999996,Low,280,560,kg/ha,27_494_shc_2023-24.10186
Maharashtra,Satara,2023-24,Nitrogen,Khonoli,245.86239999999998,Low,280,560,kg/ha,27_494_shc_2023-24.10187
Maharashtra,Satara,2023-24,Nitrogen,Khonoli,240.8448,Low,280,560,kg/ha,27_494_shc_2023-24.10188
Maharashtra,Satara,2023-24,Nitrogen,Khonoli,287.2576,Medium,280,560,kg/ha,27_494_shc_2023-24.10189
Maharashtra,Satara,2023-24,Nitrogen,Khonoli,289.7664,Medium,280,560,kg/ha,27_494_shc_2023-24.10190
Maharashtra,Satara,2023-24,Nitrogen,Khonoli,159.3088,Low,280,560,kg/ha,27_494_shc_2023-24.10843
Maharashtra,Satara,2023-24,Nitrogen,Khonoli,283.4944,Medium,280,560,kg/ha,27_494_shc_2023-24.10844
Maharashtra,Satara,2023-24,Nitrogen,Khonoli,268.4416,Low,280,560,kg/ha,27_494_shc_2023-24.10845
Maharashtra,Satara,2023-24,Nitrogen,Khonoli,312.3456,Medium,280,560,kg/ha,27_494_shc_2023-24.10846
Maharashtra,Satara,2023-24,Nitrogen,Khonoli,462.8736,Medium,280,560,kg/ha,27_494_shc_2023-24.10847
Maharashtra,Satara,2023-24,Nitrogen,Khonoli,242.09919999999997,Low,280,560,kg/ha,27_494_shc_2023-24.10848
Maharashtra,Satara,2023-24,Nitrogen,Khonoli,235.82719999999998,Low,280,560,kg/ha,27_494_shc_2023-24.10855
Maharashtra,Satara,2023-24,Nitrogen,Khonoli,287.2576,Medium,280,560,kg/ha,27_494_shc_2023-24.10856
Maharashtra,Satara,2023-24,Nitrogen,Khonoli,332.416,Medium,280,560,kg/ha,27_494_shc_2023-24.10857
Maharashtra,Satara,2023-24,Nitrogen,Khonoli,201.95839999999998,Low,280,560,kg/ha,27_494_shc_2023-24.10858
Maharashtra,Satara,2023-24,Nitrogen,Khonoli,322.38079999999997,Medium,280,560,kg/ha,27_494_shc_2023-24.10859
Maharashtra,Satara,2023-24,Nitrogen,Khonoli,486.70720000000006,Medium,280,560,kg/ha,27_494_shc_2023-24.10860
Maharashtra,Satara,2023-24,Nitrogen,Khonoli,282.24,Medium,280,560,kg/ha,27_494_shc_2023-24.10861
Maharashtra,Satara,2023-24,Nitrogen,Khonoli,262.1696,Low,280,560,kg/ha,27_494_shc_2023-24.10862
Maharashtra,Satara,2023-24,Nitrogen,Khonoli,235.82719999999998,Low,280,560,kg/ha,27_494_shc_2023-24.10863
Maharashtra,Satara,2023-24,Nitrogen,Khonoli,255.8976,Low,280,560,kg/ha,27_494_shc_2023-24.10864
Maharashtra,Satara,2023-24,Nitrogen,Khonoli,262.1696,Low,280,560,kg/ha,27_494_shc_2023-24.10865
Maharashtra,Satara,2023-24,Nitrogen,Khonoli,317.36319999999995,Medium,280,560,kg/ha,27_494_shc_2023-24.10871
Maharashtra,Satara,2023-24,Nitrogen,Khonoli,252.13439999999997,Low,280,560,kg/ha,27_494_shc_2023-24.10872
Maharashtra,Satara,2023-24,Nitrogen,Khonoli,265.9328,Low,280,560,kg/ha,27_494_shc_2023-24.10873
Maharashtra,Satara,2023-24,Nitrogen,Khonoli,249.62559999999996,Low,280,560,kg/ha,27_494_shc_2023-24.10874
Maharashtra,Satara,2023-24,Nitrogen,Khonoli,460.3648,Medium,280,560,kg/ha,27_494_shc_2023-24.10903
Maharashtra,Satara,2023-24,Nitrogen,Khonoli,296.03839999999997,Medium,280,560,kg/ha,27_494_shc_2023-24.10904
Maharashtra,Satara,2023-24,Nitrogen,Pachund,43.90400000000001,Low,280,560,kg/ha,27_494_shc_2023-24.2059
Maharashtra,Satara,2023-24,Nitrogen,Pachund,104.1152,Low,280,560,kg/ha,27_494_shc_2023-24.3287
Maharashtra,Satara,2023-24,Nitrogen,Pachund,58.956799999999994,Low,280,560,kg/ha,27_494_shc_2023-24.7143
Maharashtra,Satara,2023-24,Nitrogen,Chavhanwadi Chafal,178.1248,Low,280,560,kg/ha,27_494_shc_2023-24.1885
Maharashtra,Satara,2023-24,Nitrogen,Chavhanwadi Chafal,135.4752,Low,280,560,kg/ha,27_494_shc_2023-24.2414
Maharashtra,Satara,2023-24,Nitrogen,Chavhanwadi Chafal,229.5552,Low,280,560,kg/ha,27_494_shc_2023-24.2487
Maharashtra,Satara,2023-24,Nitrogen,Chavhanwadi Chafal,188.16,Low,280,560,kg/ha,27_494_shc_2023-24.5034
Maharashtra,Satara,2023-24,Nitrogen,Chavhanwadi Chafal,140.4928,Low,280,560,kg/ha,27_494_shc_2023-24.5052
Maharashtra,Satara,2023-24,Nitrogen,Chavhanwadi Chafal,255.8976,Low,280,560,kg/ha,27_494_shc_2023-24.5080
Maharashtra,Satara,2023-24,Nitrogen,Chavhanwadi Chafal,150.52800000000002,Low,280,560,kg/ha,27_494_shc_2023-24.5183
Maharashtra,Satara,2023-24,Nitrogen,Chavhanwadi Chafal,323.6352,Medium,280,560,kg/ha,27_494_shc_2023-24.5568
Maharashtra,Satara,2023-24,Nitrogen,Chavhanwadi Chafal,291.02079999999995,Medium,280,560,kg/ha,27_494_shc_2023-24.5842
Maharashtra,Satara,2023-24,Nitrogen,Chavhanwadi Chafal,190.6688,Low,280,560,kg/ha,27_494_shc_2023-24.6306
Maharashtra,Satara,2023-24,Nitrogen,Chavhanwadi Chafal,198.1952,Low,280,560,kg/ha,27_494_shc_2023-24.6594
Maharashtra,Satara,2023-24,Nitrogen,Chavhanwadi Chafal,169.344,Low,280,560,kg/ha,27_494_shc_2023-24.6824
Maharashtra,Satara,2023-24,Nitrogen,Chavhanwadi Chafal,250.88,Low,280,560,kg/ha,27_494_shc_2023-24.6834
Maharashtra,Satara,2023-24,Nitrogen,Chavhanwadi Chafal,318.6176,Medium,280,560,kg/ha,27_494_shc_2023-24.6845
Maharashtra,Satara,2023-24,Nitrogen,Chavhanwadi Chafal,144.256,Low,280,560,kg/ha,27_494_shc_2023-24.6846
Maharashtra,Satara,2023-24,Nitrogen,Chavhanwadi Chafal,144.256,Low,280,560,kg/ha,27_494_shc_2023-24.6888
Maharashtra,Satara,2023-24,Nitrogen,Chavhanwadi Chafal,168.0896,Low,280,560,kg/ha,27_494_shc_2023-24.7293
Maharashtra,Satara,2023-24,Nitrogen,Chavhanwadi Chafal,228.30080000000004,Low,280,560,kg/ha,27_494_shc_2023-24.7318
Maharashtra,Satara,2023-24,Nitrogen,Chavhanwadi Chafal,279.7312,Low,280,560,kg/ha,27_494_shc_2023-24.7747
Maharashtra,Satara,2023-24,Nitrogen,Chavhanwadi Chafal,242.09920000000002,Low,280,560,kg/ha,27_494_shc_2023-24.8905
Maharashtra,Satara,2023-24,Nitrogen,Chavhanwadi Chafal,180.6336,Low,280,560,kg/ha,27_494_shc_2023-24.8906
Maharashtra,Satara,2023-24,Nitrogen,Chavhanwadi Chafal,238.33599999999998,Low,280,560,kg/ha,27_494_shc_2023-24.8949
Maharashtra,Satara,2023-24,Nitrogen,Chavhanwadi Chafal,214.5024,Low,280,560,kg/ha,27_494_shc_2023-24.10087
Maharashtra,Satara,2023-24,Nitrogen,Chavhanwadi Chafal,228.30080000000004,Low,280,560,kg/ha,27_494_shc_2023-24.10088
Maharashtra,Satara,2023-24,Nitrogen,Chavhanwadi Chafal,283.49440000000004,Medium,280,560,kg/ha,27_494_shc_2023-24.10089
Maharashtra,Satara,2023-24,Nitrogen,Chavhanwadi Chafal,240.8448,Low,280,560,kg/ha,27_494_shc_2023-24.10090
Maharashtra,Satara,2023-24,Nitrogen,Chavhanwadi Chafal,163.072,Low,280,560,kg/ha,27_494_shc_2023-24.10093
Maharashtra,Satara,2023-24,Nitrogen,Chavhanwadi Chafal,436.5312,Medium,280,560,kg/ha,27_494_shc_2023-24.10094
Maharashtra,Satara,2023-24,Nitrogen,Chavhanwadi Chafal,159.3088,Low,280,560,kg/ha,27_494_shc_2023-24.10095
Maharashtra,Satara,2023-24,Nitrogen,Chavhanwadi Chafal,238.33599999999998,Low,280,560,kg/ha,27_494_shc_2023-24.10096
Maharashtra,Satara,2023-24,Nitrogen,Chavhanwadi Chafal,232.064,Low,280,560,kg/ha,27_494_shc_2023-24.10097
Maharashtra,Satara,2023-24,Nitrogen,Chavhanwadi Chafal,329.9072,Medium,280,560,kg/ha,27_494_shc_2023-24.10098
Maharashtra,Satara,2023-24,Nitrogen,Chavhanwadi Chafal,247.1168,Low,280,560,kg/ha,27_494_shc_2023-24.10107
Maharashtra,Satara,2023-24,Nitrogen,Chavhanwadi Chafal,148.01919999999998,Low,280,560,kg/ha,27_494_shc_2023-24.10191
Maharashtra,Satara,2023-24,Nitrogen,Chavhanwadi Chafal,144.256,Low,280,560,kg/ha,27_494_shc_2023-24.10192
Maharashtra,Satara,2023-24,Nitrogen,Chavhanwadi Chafal,230.80960000000005,Low,280,560,kg/ha,27_494_shc_2023-24.10193
Maharashtra,Satara,2023-24,Nitrogen,Chavhanwadi Chafal,211.9936,Low,280,560,kg/ha,27_494_shc_2023-24.10194
Maharashtra,Satara,2023-24,Nitrogen,Chavhanwadi Chafal,158.05440000000002,Low,280,560,kg/ha,27_494_shc_2023-24.10195
Maharashtra,Satara,2023-24,Nitrogen,Chavhanwadi Chafal,314.8544,Medium,280,560,kg/ha,27_494_shc_2023-24.10196
Maharashtra,Satara,2023-24,Nitrogen,Chavhanwadi Chafal,183.14239999999998,Low,280,560,kg/ha,27_494_shc_2023-24.10850
Maharashtra,Satara,2023-24,Nitrogen,Chavhanwadi Chafal,184.39679999999998,Low,280,560,kg/ha,27_494_shc_2023-24.10868
Maharashtra,Satara,2023-24,Nitrogen,Chavhanwadi Chafal,235.82720000000003,Low,280,560,kg/ha,27_494_shc_2023-24.10869
Maharashtra,Satara,2023-24,Nitrogen,Virewadi,339.94239999999996,Medium,280,560,kg/ha,27_494_shc_2023-24.10876
Maharashtra,Satara,2023-24,Nitrogen,Chavhanwadi Chafal,495.48799999999994,Medium,280,560,kg/ha,27_494_shc_2023-24.10890
Maharashtra,Satara,2023-24,Nitrogen,Chavhanwadi Chafal,166.83520000000001,Low,280,560,kg/ha,27_494_shc_2023-24.10891
Maharashtra,Satara,2023-24,Nitrogen,Chavhanwadi Chafal,239.59040000000002,Low,280,560,kg/ha,27_494_shc_2023-24.10892
Maharashtra,Satara,2023-24,Nitrogen,Chavhanwadi Chafal,163.072,Low,280,560,kg/ha,27_494_shc_2023-24.10899
Maharashtra,Satara,2023-24,Nitrogen,Chavhanwadi Chafal,247.1168,Low,280,560,kg/ha,27_494_shc_2023-24.10900
Maharashtra,Satara,2023-24,Nitrogen,Chavhanwadi Chafal,243.3536,Low,280,560,kg/ha,27_494_shc_2023-24.10901
Maharashtra,Satara,2023-24,Nitrogen,Chavhanwadi Chafal,287.2576,Medium,280,560,kg/ha,27_494_shc_2023-24.10902
Maharashtra,Satara,2023-24,Nitrogen,Shirgaon,209.48,Low,280,560,kg/ha,27_494_shc_2023-24.12012
Maharashtra,Satara,2023-24,Nitrogen,Shirgaon,234.57,Low,280,560,kg/ha,27_494_shc_2023-24.12021
Maharashtra,Satara,2023-24,Nitrogen,Shirgaon,207.89,Low,280,560,kg/ha,27_494_shc_2023-24.12022
Maharashtra,Satara,2023-24,Nitrogen,Shirgaon,242.1,Low,280,560,kg/ha,27_494_shc_2023-24.12027
Maharashtra,Satara,2023-24,Nitrogen,Shirgaon,306.07,Medium,280,560,kg/ha,27_494_shc_2023-24.12029
Maharashtra,Satara,2023-24,Nitrogen,Shirgaon,267.19,Low,280,560,kg/ha,27_494_shc_2023-24.12031
Maharashtra,Satara,2023-24,Nitrogen,Shirgaon,220.77,Low,280,560,kg/ha,27_494_shc_2023-24.12045
Maharashtra,Satara,2023-24,Nitrogen,Shirgaon,302.31,Medium,280,560,kg/ha,27_494_shc_2023-24.12049
Maharashtra,Satara,2023-24,Nitrogen,Shirgaon,245.86,Low,280,560,kg/ha,27_494_shc_2023-24.12052
Maharashtra,Satara,2023-24,Nitrogen,Shirgaon,204.47,Low,280,560,kg/ha,27_494_shc_2023-24.12055
Maharashtra,Satara,2023-24,Nitrogen,Shirgaon,244.61,Low,280,560,kg/ha,27_494_shc_2023-24.12057
Maharashtra,Satara,2023-24,Nitrogen,Shirgaon,230.81,Low,280,560,kg/ha,27_494_shc_2023-24.12058
Maharashtra,Satara,2023-24,Nitrogen,Shirgaon,214.5,Low,280,560,kg/ha,27_494_shc_2023-24.12062
Maharashtra,Satara,2023-24,Nitrogen,Shirgaon,254.64,Low,280,560,kg/ha,27_494_shc_2023-24.12063
Maharashtra,Satara,2023-24,Nitrogen,Shirgaon,209.48,Low,280,560,kg/ha,27_494_shc_2023-24.12067
Maharashtra,Satara,2023-24,Nitrogen,Shirgaon,228.3,Low,280,560,kg/ha,27_494_shc_2023-24.12072
Maharashtra,Satara,2023-24,Nitrogen,Shirgaon,194.43,Low,280,560,kg/ha,27_494_shc_2023-24.12097
Maharashtra,Satara,2023-24,Nitrogen,Shirgaon,328.65,Medium,280,560,kg/ha,27_494_shc_2023-24.12105
Maharashtra,Satara,2023-24,Nitrogen,Kharade,50.176000000000016,Low,280,560,kg/ha,27_494_shc_2023-24.4791
Maharashtra,Satara,2023-24,Nitrogen,Kharade,105.3696,Low,280,560,kg/ha,27_494_shc_2023-24.9590
Maharashtra,Satara,2023-24,Nitrogen,Kharade,175.61599999999999,Low,280,560,kg/ha,27_494_shc_2023-24.9591
Maharashtra,Satara,2023-24,Nitrogen,Jambhekarwadi,279.7312,Low,280,560,kg/ha,27_494_shc_2023-24.7989
Maharashtra,Satara,2023-24,Nitrogen,Jambhekarwadi,262.1696,Low,280,560,kg/ha,27_494_shc_2023-24.8327
Maharashtra,Satara,2023-24,Nitrogen,Jambhekarwadi,240.8448,Low,280,560,kg/ha,27_494_shc_2023-24.10332
Maharashtra,Satara,2023-24,Nitrogen,Jambhekarwadi,245.86239999999998,Low,280,560,kg/ha,27_494_shc_2023-24.11812
Maharashtra,Satara,2023-24,Nitrogen,Jambhekarwadi,243.3536,Low,280,560,kg/ha,27_494_shc_2023-24.11817
Maharashtra,Satara,2023-24,Nitrogen,Vekhandwadi,250.9,Low,280,560,kg/ha,27_494_shc_2023-24.1744
Maharashtra,Satara,2023-24,Nitrogen,Tarale,275.97,Low,280,560,kg/ha,27_494_shc_2023-24.4701
Maharashtra,Satara,2023-24,Nitrogen,Vekhandwadi,238.3,Low,280,560,kg/ha,27_494_shc_2023-24.4703
Maharashtra,Satara,2023-24,Nitrogen,Vekhandwadi,263.4,Low,280,560,kg/ha,27_494_shc_2023-24.4707
Maharashtra,Satara,2023-24,Nitrogen,Vadachiwadi,225.8,Low,280,560,kg/ha,27_494_shc_2023-24.4714
Maharashtra,Satara,2023-24,Nitrogen,Vekhandwadi,263.4,Low,280,560,kg/ha,27_494_shc_2023-24.4715
Maharashtra,Satara,2023-24,Nitrogen,Vekhandwadi,188.16,Low,280,560,kg/ha,27_494_shc_2023-24.4716
Maharashtra,Satara,2023-24,Nitrogen,Vekhandwadi,276.0,Low,280,560,kg/ha,27_494_shc_2023-24.6874
Maharashtra,Satara,2023-24,Nitrogen,Tarale,225.79,Low,280,560,kg/ha,27_494_shc_2023-24.7261
Maharashtra,Satara,2023-24,Nitrogen,Kashil,173.1072,Low,280,560,kg/ha,27_494_shc_2023-24.2589
Maharashtra,Satara,2023-24,Nitrogen,Kashil,85.29919999999998,Low,280,560,kg/ha,27_494_shc_2023-24.5637
Maharashtra,Satara,2023-24,Nitrogen,Kashil,72.7552,Low,280,560,kg/ha,27_494_shc_2023-24.5995
Maharashtra,Satara,2023-24,Nitrogen,Kashil,85.29919999999998,Low,280,560,kg/ha,27_494_shc_2023-24.5998
Maharashtra,Satara,2023-24,Nitrogen,Kashil,72.7552,Low,280,560,kg/ha,27_494_shc_2023-24.6745
Maharashtra,Satara,2023-24,Nitrogen,Kashil,110.3872,Low,280,560,kg/ha,27_494_shc_2023-24.10510
Maharashtra,Satara,2023-24,Nitrogen,Kashil,85.29919999999998,Low,280,560,kg/ha,27_494_shc_2023-24.10514
Maharashtra,Satara,2023-24,Nitrogen,Kashil,97.8432,Low,280,560,kg/ha,27_494_shc_2023-24.10515
Maharashtra,Satara,2023-24,Nitrogen,Kashil,60.2112,Low,280,560,kg/ha,27_494_shc_2023-24.10516
Maharashtra,Satara,2023-24,Nitrogen,Kashil,135.4752,Low,280,560,kg/ha,27_494_shc_2023-24.10528
Maharashtra,Satara,2023-24,Nitrogen,Kashil,97.8432,Low,280,560,kg/ha,27_494_shc_2023-24.10529
Maharashtra,Satara,2023-24,Nitrogen,Kashil,148.01919999999998,Low,280,560,kg/ha,27_494_shc_2023-24.10533
Maharashtra,Satara,2023-24,Nitrogen,Kashil,110.3872,Low,280,560,kg/ha,27_494_shc_2023-24.10540
Maharashtra,Satara,2023-24,Nitrogen,Kashil,72.7552,Low,280,560,kg/ha,27_494_shc_2023-24.10551
Maharashtra,Satara,2023-24,Nitrogen,Kashil,85.29919999999998,Low,280,560,kg/ha,27_494_shc_2023-24.10552
Maharashtra,Satara,2023-24,Nitrogen,Kashil,97.8432,Low,280,560,kg/ha,27_494_shc_2023-24.10569
Maharashtra,Satara,2023-24,Nitrogen,Kashil,97.8432,Low,280,560,kg/ha,27_494_shc_2023-24.10583
Maharashtra,Satara,2023-24,Nitrogen,Kashil,85.29919999999998,Low,280,560,kg/ha,27_494_shc_2023-24.10608
Maharashtra,Satara,2023-24,Nitrogen,Shirgaon,367.54,Medium,280,560,kg/ha,27_494_shc_2023-24.12047
Maharashtra,Satara,2023-24,Nitrogen,Padali Helgaon,120.4224,Low,280,560,kg/ha,27_494_shc_2023-24.12011
Maharashtra,Satara,2023-24,Nitrogen,Padali Helgaon,169.344,Low,280,560,kg/ha,27_494_shc_2023-24.12066
Maharashtra,Satara,2023-24,Nitrogen,Padali Helgaon,185.6512,Low,280,560,kg/ha,27_494_shc_2023-24.12068
Maharashtra,Satara,2023-24,Nitrogen,Padali Helgaon,273.4592,Low,280,560,kg/ha,27_494_shc_2023-24.12069
Maharashtra,Satara,2023-24,Nitrogen,Padali Helgaon,140.49280000000002,Low,280,560,kg/ha,27_494_shc_2023-24.12070
Maharashtra,Satara,2023-24,Nitrogen,Padali Helgaon,175.61599999999999,Low,280,560,kg/ha,27_494_shc_2023-24.12091
Maharashtra,Satara,2023-24,Nitrogen,Padali Helgaon,145.5104,Low,280,560,kg/ha,27_494_shc_2023-24.12099
Maharashtra,Satara,2023-24,Nitrogen,Padali Helgaon,120.4224,Low,280,560,kg/ha,27_494_shc_2023-24.12100
Maharashtra,Satara,2023-24,Nitrogen,Padali Helgaon,181.888,Low,280,560,kg/ha,27_494_shc_2023-24.12102
Maharashtra,Satara,2023-24,Nitrogen,Padali Helgaon,185.6512,Low,280,560,kg/ha,27_494_shc_2023-24.12103
Maharashtra,Satara,2023-24,Nitrogen,Padali Helgaon,148.0192,Low,280,560,kg/ha,27_494_shc_2023-24.12104
Maharashtra,Satara,2023-24,Nitrogen,Padali Helgaon,150.528,Low,280,560,kg/ha,27_494_shc_2023-24.12106
Maharashtra,Satara,2023-24,Nitrogen,Padali Helgaon,176.87040000000002,Low,280,560,kg/ha,27_494_shc_2023-24.12108
Maharashtra,Satara,2023-24,Nitrogen,Padali Helgaon,145.5104,Low,280,560,kg/ha,27_494_shc_2023-24.12109
Maharashtra,Satara,2023-24,Nitrogen,Padali Helgaon,181.888,Low,280,560,kg/ha,27_494_shc_2023-24.12111
Maharashtra,Satara,2023-24,Nitrogen,Padali Helgaon,301.056,Medium,280,560,kg/ha,27_494_shc_2023-24.12112
Maharashtra,Satara,2023-24,Nitrogen,Padali Helgaon,150.528,Low,280,560,kg/ha,27_494_shc_2023-24.12113
Maharashtra,Satara,2023-24,Nitrogen,Padali Helgaon,107.87840000000001,Low,280,560,kg/ha,27_494_shc_2023-24.12114
Maharashtra,Satara,2023-24,Nitrogen,Padali Helgaon,156.8,Low,280,560,kg/ha,27_494_shc_2023-24.12115
Maharashtra,Satara,2023-24,Nitrogen,Padali Helgaon,169.344,Low,280,560,kg/ha,27_494_shc_2023-24.12116
Maharashtra,Satara,2023-24,Nitrogen,Padali Helgaon,148.0192,Low,280,560,kg/ha,27_494_shc_2023-24.12117
Maharashtra,Satara,2023-24,Nitrogen,Padali Helgaon,173.10719999999998,Low,280,560,kg/ha,27_494_shc_2023-24.12118
Maharashtra,Satara,2023-24,Nitrogen,Padali Helgaon,161.8176,Low,280,560,kg/ha,27_494_shc_2023-24.12119
Maharashtra,Satara,2023-24,Nitrogen,Padali Helgaon,183.14239999999998,Low,280,560,kg/ha,27_494_shc_2023-24.12120
Maharashtra,Satara,2023-24,Nitrogen,Padali Helgaon,125.44,Low,280,560,kg/ha,27_494_shc_2023-24.12121
Maharashtra,Satara,2023-24,Nitrogen,Padali Helgaon,120.4224,Low,280,560,kg/ha,27_494_shc_2023-24.12122
Maharashtra,Satara,2023-24,Nitrogen,Padali Helgaon,124.1856,Low,280,560,kg/ha,27_494_shc_2023-24.12123
Maharashtra,Satara,2023-24,Nitrogen,Padali Helgaon,150.528,Low,280,560,kg/ha,27_494_shc_2023-24.12124
Maharashtra,Satara,2023-24,Nitrogen,Padali Helgaon,149.2736,Low,280,560,kg/ha,27_494_shc_2023-24.12125
Maharashtra,Satara,2023-24,Nitrogen,Padali Helgaon,215.75680000000003,Low,280,560,kg/ha,27_494_shc_2023-24.12126
Maharashtra,Satara,2023-24,Nitrogen,Padali Helgaon,215.75680000000003,Low,280,560,kg/ha,27_494_shc_2023-24.12127
Maharashtra,Satara,2023-24,Nitrogen,Padali Helgaon,181.888,Low,280,560,kg/ha,27_494_shc_2023-24.12128
Maharashtra,Satara,2023-24,Nitrogen,Kalambi,156.8,Low,280,560,kg/ha,27_494_shc_2023-24.8045
Maharashtra,Satara,2023-24,Nitrogen,Kalambi,131.712,Low,280,560,kg/ha,27_494_shc_2023-24.8059
Maharashtra,Satara,2023-24,Nitrogen,Kalambi,119.16799999999999,Low,280,560,kg/ha,27_494_shc_2023-24.8060
Maharashtra,Satara,2023-24,Nitrogen,Kalambi,169.344,Low,280,560,kg/ha,27_494_shc_2023-24.8070
Maharashtra,Satara,2023-24,Nitrogen,Kalambi,106.62400000000001,Low,280,560,kg/ha,27_494_shc_2023-24.8071
Maharashtra,Satara,2023-24,Nitrogen,Yeliv,163.072,Low,280,560,kg/ha,27_494_shc_2023-24.6615
Maharashtra,Satara,2023-24,Nitrogen,Yeliv,150.528,Low,280,560,kg/ha,27_494_shc_2023-24.7123
Maharashtra,Satara,2023-24,Nitrogen,Yeliv,150.528,Low,280,560,kg/ha,27_494_shc_2023-24.8083
Maharashtra,Satara,2023-24,Nitrogen,Yeliv,200.70399999999998,Low,280,560,kg/ha,27_494_shc_2023-24.8084
Maharashtra,Satara,2023-24,Nitrogen,Yeliv,188.16000000000003,Low,280,560,kg/ha,27_494_shc_2023-24.8086
Maharashtra,Satara,2023-24,Nitrogen,Yeliv,188.16000000000003,Low,280,560,kg/ha,27_494_shc_2023-24.8265
Maharashtra,Satara,2023-24,Nitrogen,Yeliv,137.984,Low,280,560,kg/ha,27_494_shc_2023-24.8266
Maharashtra,Satara,2023-24,Nitrogen,Yeliv,163.072,Low,280,560,kg/ha,27_494_shc_2023-24.8961
Maharashtra,Satara,2023-24,Nitrogen,Vanzoli,131.712,Low,280,560,kg/ha,27_494_shc_2023-24.7715
Maharashtra,Satara,2023-24,Nitrogen,Vanzoli,119.16799999999999,Low,280,560,kg/ha,27_494_shc_2023-24.9514
Maharashtra,Satara,2023-24,Nitrogen,Holichagaon,119.16799999999999,Low,280,560,kg/ha,27_494_shc_2023-24.11997
Maharashtra,Satara,2023-24,Nitrogen,Holichagaon,156.8,Low,280,560,kg/ha,27_494_shc_2023-24.11998
Maharashtra,Satara,2023-24,Nitrogen,Holichagaon,206.976,Low,280,560,kg/ha,27_494_shc_2023-24.12003
Maharashtra,Satara,2023-24,Nitrogen,Pawarwadi,127.95,Low,280,560,kg/ha,27_494_shc_2023-24.2936
Maharashtra,Satara,2023-24,Nitrogen,Pawarwadi,200.7,Low,280,560,kg/ha,27_494_shc_2023-24.3835
Maharashtra,Satara,2023-24,Nitrogen,Pawarwadi,240.84,Low,280,560,kg/ha,27_494_shc_2023-24.3864
Maharashtra,Satara,2023-24,Nitrogen,Pawarwadi,168.09,Low,280,560,kg/ha,27_494_shc_2023-24.3865
Maharashtra,Satara,2023-24,Nitrogen,Pawarwadi,211.99,Low,280,560,kg/ha,27_494_shc_2023-24.3877
Maharashtra,Satara,2023-24,Nitrogen,Pawarwadi,122.93,Low,280,560,kg/ha,27_494_shc_2023-24.3878
Maharashtra,Satara,2023-24,Nitrogen,Pawarwadi,158.05,Low,280,560,kg/ha,27_494_shc_2023-24.4819
Maharashtra,Satara,2023-24,Nitrogen,Pawarwadi,210.74,Low,280,560,kg/ha,27_494_shc_2023-24.4820
Maharashtra,Satara,2023-24,Nitrogen,Pawarwadi,143.0,Low,280,560,kg/ha,27_494_shc_2023-24.4821
Maharashtra,Satara,2023-24,Nitrogen,Pawarwadi,219.52,Low,280,560,kg/ha,27_494_shc_2023-24.4843
Maharashtra,Satara,2023-24,Nitrogen,Pawarwadi,132.97,Low,280,560,kg/ha,27_494_shc_2023-24.4844
Maharashtra,Satara,2023-24,Nitrogen,Pawarwadi,160.56,Low,280,560,kg/ha,27_494_shc_2023-24.4845
Maharashtra,Satara,2023-24,Nitrogen,Pawarwadi,116.66,Low,280,560,kg/ha,27_494_shc_2023-24.4846
Maharashtra,Satara,2023-24,Nitrogen,Pawarwadi,220.77,Low,280,560,kg/ha,27_494_shc_2023-24.7838
Maharashtra,Satara,2023-24,Nitrogen,Aundh,173.1072,Low,280,560,kg/ha,27_494_shc_2023-24.2870
Maharashtra,Satara,2023-24,Nitrogen,Aundh,148.01919999999998,Low,280,560,kg/ha,27_494_shc_2023-24.5392
Maharashtra,Satara,2023-24,Nitrogen,Aundh,185.65120000000002,Low,280,560,kg/ha,27_494_shc_2023-24.5395
Maharashtra,Satara,2023-24,Nitrogen,Aundh,160.5632,Low,280,560,kg/ha,27_494_shc_2023-24.5397
Maharashtra,Satara,2023-24,Nitrogen,Aundh,185.65120000000002,Low,280,560,kg/ha,27_494_shc_2023-24.5398
Maharashtra,Satara,2023-24,Nitrogen,Aundh,210.73919999999998,Low,280,560,kg/ha,27_494_shc_2023-24.6943
Maharashtra,Satara,2023-24,Nitrogen,Aundh,173.1072,Low,280,560,kg/ha,27_494_shc_2023-24.7374
Maharashtra,Satara,2023-24,Nitrogen,Aundh,198.19519999999997,Low,280,560,kg/ha,27_494_shc_2023-24.8397
Maharashtra,Satara,2023-24,Nitrogen,Aundh,160.5632,Low,280,560,kg/ha,27_494_shc_2023-24.9371
Maharashtra,Satara,2023-24,Nitrogen,Gursale,110.3872,Low,280,560,kg/ha,27_494_shc_2023-24.12258
Maharashtra,Satara,2023-24,Nitrogen,Gursale,122.93119999999999,Low,280,560,kg/ha,27_494_shc_2023-24.12261
Maharashtra,Satara,2023-24,Nitrogen,Gursale,135.4752,Low,280,560,kg/ha,27_494_shc_2023-24.12262
Maharashtra,Satara,2023-24,Nitrogen,Gursale,110.3872,Low,280,560,kg/ha,27_494_shc_2023-24.12268
Maharashtra,Satara,2023-24,Nitrogen,Gursale,148.01919999999998,Low,280,560,kg/ha,27_494_shc_2023-24.12271
Maharashtra,Satara,2023-24,Nitrogen,Gursale,122.93119999999999,Low,280,560,kg/ha,27_494_shc_2023-24.12272
Maharashtra,Satara,2023-24,Nitrogen,Gursale,135.4752,Low,280,560,kg/ha,27_494_shc_2023-24.12273
Maharashtra,Satara,2023-24,Nitrogen,Gursale,160.5632,Low,280,560,kg/ha,27_494_shc_2023-24.12274
Maharashtra,Satara,2023-24,Nitrogen,Wakalwadi,191.92,Low,280,560,kg/ha,27_494_shc_2023-24.12279
Maharashtra,Satara,2023-24,Nitrogen,Asangaon,308.5824,Medium,280,560,kg/ha,27_494_shc_2023-24.5325
Maharashtra,Satara,2023-24,Nitrogen,Asangaon,220.77439999999996,Low,280,560,kg/ha,27_494_shc_2023-24.6919
Maharashtra,Satara,2023-24,Nitrogen,Asangaon,243.3536,Low,280,560,kg/ha,27_494_shc_2023-24.10350
Maharashtra,Satara,2023-24,Nitrogen,Asangaon,175.61599999999999,Low,280,560,kg/ha,27_494_shc_2023-24.10352
Maharashtra,Satara,2023-24,Nitrogen,Asangaon,304.81919999999997,Medium,280,560,kg/ha,27_494_shc_2023-24.10353
Maharashtra,Satara,2023-24,Nitrogen,Asangaon,170.59839999999997,Low,280,560,kg/ha,27_494_shc_2023-24.10357
Maharashtra,Satara,2023-24,Nitrogen,Asangaon,268.44159999999994,Low,280,560,kg/ha,27_494_shc_2023-24.10364
Maharashtra,Satara,2023-24,Nitrogen,Asangaon,235.82719999999998,Low,280,560,kg/ha,27_494_shc_2023-24.10365
Maharashtra,Satara,2023-24,Nitrogen,Asangaon,181.888,Low,280,560,kg/ha,27_494_shc_2023-24.10369
Maharashtra,Satara,2023-24,Nitrogen,Asangaon,284.7488,Medium,280,560,kg/ha,27_494_shc_2023-24.10378
Maharashtra,Satara,2023-24,Nitrogen,Asangaon,238.33599999999998,Low,280,560,kg/ha,27_494_shc_2023-24.10379
Maharashtra,Satara,2023-24,Nitrogen,Asangaon,282.24,Medium,280,560,kg/ha,27_494_shc_2023-24.10381
Maharashtra,Satara,2023-24,Nitrogen,Asangaon,171.85279999999997,Low,280,560,kg/ha,27_494_shc_2023-24.10382
Maharashtra,Satara,2023-24,Nitrogen,Asangaon,347.4688,Medium,280,560,kg/ha,27_494_shc_2023-24.10389
Maharashtra,Satara,2023-24,Nitrogen,Asangaon,314.85439999999994,Medium,280,560,kg/ha,27_494_shc_2023-24.10391
Maharashtra,Satara,2023-24,Nitrogen,Asangaon,244.60799999999998,Low,280,560,kg/ha,27_494_shc_2023-24.10392
Maharashtra,Satara,2023-24,Nitrogen,Asangaon,238.33599999999998,Low,280,560,kg/ha,27_494_shc_2023-24.10404
Maharashtra,Satara,2023-24,Nitrogen,Asangaon,159.3088,Low,280,560,kg/ha,27_494_shc_2023-24.10405
Maharashtra,Satara,2023-24,Nitrogen,Asangaon,224.5376,Low,280,560,kg/ha,27_494_shc_2023-24.10481
Maharashtra,Satara,2023-24,Nitrogen,Asangaon,205.72160000000002,Low,280,560,kg/ha,27_494_shc_2023-24.10483
Maharashtra,Satara,2023-24,Nitrogen,Asangaon,229.5552,Low,280,560,kg/ha,27_494_shc_2023-24.10488
Maharashtra,Satara,2023-24,Nitrogen,Asangaon,351.23199999999997,Medium,280,560,kg/ha,27_494_shc_2023-24.10495
Maharashtra,Satara,2023-24,Nitrogen,Asangaon,262.1696,Low,280,560,kg/ha,27_494_shc_2023-24.11737
Maharashtra,Satara,2023-24,Nitrogen,Kusavade,122.93119999999999,Low,280,560,kg/ha,27_494_shc_2023-24.1616
Maharashtra,Satara,2023-24,Nitrogen,Kusavade,81.53599999999999,Low,280,560,kg/ha,27_494_shc_2023-24.3605
Maharashtra,Satara,2023-24,Nitrogen,Kusavade,135.4752,Low,280,560,kg/ha,27_494_shc_2023-24.3633
Maharashtra,Satara,2023-24,Nitrogen,Kusavade,144.256,Low,280,560,kg/ha,27_494_shc_2023-24.5465
Maharashtra,Satara,2023-24,Nitrogen,Kusavade,81.53599999999999,Low,280,560,kg/ha,27_494_shc_2023-24.6488
Maharashtra,Satara,2023-24,Nitrogen,Kusavade,148.01919999999998,Low,280,560,kg/ha,27_494_shc_2023-24.6498
Maharashtra,Satara,2023-24,Nitrogen,Kusavade,148.01919999999998,Low,280,560,kg/ha,27_494_shc_2023-24.6652
Maharashtra,Satara,2023-24,Nitrogen,Valase,168.0896,Low,280,560,kg/ha,27_494_shc_2023-24.2022
Maharashtra,Satara,2023-24,Nitrogen,Valase,214.5024,Low,280,560,kg/ha,27_494_shc_2023-24.3134
Maharashtra,Satara,2023-24,Nitrogen,Bharatgaonwadi,188.16000000000003,Low,280,560,kg/ha,27_494_shc_2023-24.4318
Maharashtra,Satara,2023-24,Nitrogen,Bharatgaonwadi,137.984,Low,280,560,kg/ha,27_494_shc_2023-24.5058
Maharashtra,Satara,2023-24,Nitrogen,Bharatgaonwadi,125.44,Low,280,560,kg/ha,27_494_shc_2023-24.5060
Maharashtra,Satara,2023-24,Nitrogen,Bharatgaonwadi,137.984,Low,280,560,kg/ha,27_494_shc_2023-24.5061
Maharashtra,Satara,2023-24,Nitrogen,Bharatgaonwadi,150.528,Low,280,560,kg/ha,27_494_shc_2023-24.5063
Maharashtra,Satara,2023-24,Nitrogen,Bharatgaonwadi,175.616,Low,280,560,kg/ha,27_494_shc_2023-24.5064
Maharashtra,Satara,2023-24,Nitrogen,Bharatgaonwadi,150.528,Low,280,560,kg/ha,27_494_shc_2023-24.5067
Maharashtra,Satara,2023-24,Nitrogen,Bharatgaonwadi,125.44,Low,280,560,kg/ha,27_494_shc_2023-24.8897
Maharashtra,Satara,2023-24,Nitrogen,Bharatgaonwadi,125.44,Low,280,560,kg/ha,27_494_shc_2023-24.12137
Maharashtra,Satara,2023-24,Nitrogen,Apashinge,129.20319999999998,Low,280,560,kg/ha,27_494_shc_2023-24.6999
Maharashtra,Satara,2023-24,Nitrogen,Apashinge,462.8736,Medium,280,560,kg/ha,27_494_shc_2023-24.8963
Maharashtra,Satara,2023-24,Nitrogen,Apashinge,160.56319999999997,Low,280,560,kg/ha,27_494_shc_2023-24.10361
Maharashtra,Satara,2023-24,Nitrogen,Apashinge,322.3808,Medium,280,560,kg/ha,27_494_shc_2023-24.10377
Maharashtra,Satara,2023-24,Nitrogen,Apashinge,278.4768,Low,280,560,kg/ha,27_494_shc_2023-24.10388
Maharashtra,Satara,2023-24,Nitrogen,Apashinge,228.30080000000004,Low,280,560,kg/ha,27_494_shc_2023-24.10393
Maharashtra,Satara,2023-24,Nitrogen,Apashinge,341.1968,Medium,280,560,kg/ha,27_494_shc_2023-24.10417
Maharashtra,Satara,2023-24,Nitrogen,Apashinge,288.512,Medium,280,560,kg/ha,27_494_shc_2023-24.10455
Maharashtra,Satara,2023-24,Nitrogen,Apashinge,255.8976,Low,280,560,kg/ha,27_494_shc_2023-24.10482
Maharashtra,Satara,2023-24,Nitrogen,Apashinge,337.4336,Medium,280,560,kg/ha,27_494_shc_2023-24.10487
Maharashtra,Satara,2023-24,Nitrogen,Apashinge,332.41600000000005,Medium,280,560,kg/ha,27_494_shc_2023-24.10728
Maharashtra,Satara,2023-24,Nitrogen,Angapur vandan,62.72,Low,280,560,kg/ha,27_494_shc_2023-24.1848
Maharashtra,Satara,2023-24,Nitrogen,Angapur vandan,100.352,Low,280,560,kg/ha,27_494_shc_2023-24.5563
Maharashtra,Satara,2023-24,Nitrogen,Angapur vandan,125.44,Low,280,560,kg/ha,27_494_shc_2023-24.5564
Maharashtra,Satara,2023-24,Nitrogen,Angapur vandan,100.352,Low,280,560,kg/ha,27_494_shc_2023-24.6399
Maharashtra,Satara,2023-24,Nitrogen,Angapur vandan,87.80799999999999,Low,280,560,kg/ha,27_494_shc_2023-24.6726
Maharashtra,Satara,2023-24,Nitrogen,Angapur vandan,100.352,Low,280,560,kg/ha,27_494_shc_2023-24.8947
Maharashtra,Satara,2023-24,Nitrogen,Angapur vandan,112.89600000000002,Low,280,560,kg/ha,27_494_shc_2023-24.10112
Maharashtra,Satara,2023-24,Nitrogen,Angapur vandan,87.80799999999999,Low,280,560,kg/ha,27_494_shc_2023-24.10123
Maharashtra,Satara,2023-24,Nitrogen,Angapur vandan,100.352,Low,280,560,kg/ha,27_494_shc_2023-24.10137
Maharashtra,Satara,2023-24,Nitrogen,Angapur vandan,112.89600000000002,Low,280,560,kg/ha,27_494_shc_2023-24.10138
Maharashtra,Satara,2023-24,Nitrogen,Angapur vandan,112.89600000000002,Low,280,560,kg/ha,27_494_shc_2023-24.10140
Maharashtra,Satara,2023-24,Nitrogen,Kasabe Rahimatpur,144.256,Low,280,560,kg/ha,27_494_shc_2023-24.4343
Maharashtra,Satara,2023-24,Nitrogen,Kasabe Rahimatpur,131.712,Low,280,560,kg/ha,27_494_shc_2023-24.7507
Maharashtra,Satara,2023-24,Nitrogen,Kasabe Rahimatpur,106.62400000000001,Low,280,560,kg/ha,27_494_shc_2023-24.7513
Maharashtra,Satara,2023-24,Nitrogen,Kasabe Rahimatpur,94.08,Low,280,560,kg/ha,27_494_shc_2023-24.7551
Maharashtra,Satara,2023-24,Nitrogen,Kasabe Rahimatpur,156.8,Low,280,560,kg/ha,27_494_shc_2023-24.7572
Maharashtra,Satara,2023-24,Nitrogen,Sap,150.5,Low,280,560,kg/ha,27_494_shc_2023-24.2399
Maharashtra,Satara,2023-24,Nitrogen,Sap,100.4,Low,280,560,kg/ha,27_494_shc_2023-24.2404
Maharashtra,Satara,2023-24,Nitrogen,Sap,188.2,Low,280,560,kg/ha,27_494_shc_2023-24.2409
Maharashtra,Satara,2023-24,Nitrogen,Sap,150.5,Low,280,560,kg/ha,27_494_shc_2023-24.2412
Maharashtra,Satara,2023-24,Nitrogen,Sap,150.5,Low,280,560,kg/ha,27_494_shc_2023-24.2413
Maharashtra,Satara,2023-24,Nitrogen,Sap,150.5,Low,280,560,kg/ha,27_494_shc_2023-24.2466
Maharashtra,Satara,2023-24,Nitrogen,Sap,112.9,Low,280,560,kg/ha,27_494_shc_2023-24.2467
Maharashtra,Satara,2023-24,Nitrogen,Sap,163.1,Low,280,560,kg/ha,27_494_shc_2023-24.2469
Maharashtra,Satara,2023-24,Nitrogen,Sap,138.0,Low,280,560,kg/ha,27_494_shc_2023-24.2471
Maharashtra,Satara,2023-24,Nitrogen,Jaigaon,137.984,Low,280,560,kg/ha,27_494_shc_2023-24.2114
Maharashtra,Satara,2023-24,Nitrogen,Jaigaon,213.248,Low,280,560,kg/ha,27_494_shc_2023-24.3346
Maharashtra,Satara,2023-24,Nitrogen,Jaigaon,250.88,Low,280,560,kg/ha,27_494_shc_2023-24.4542
Maharashtra,Satara,2023-24,Nitrogen,Jaigaon,225.792,Low,280,560,kg/ha,27_494_shc_2023-24.4543
Maharashtra,Satara,2023-24,Nitrogen,Jaigaon,137.984,Low,280,560,kg/ha,27_494_shc_2023-24.4545
Maharashtra,Satara,2023-24,Nitrogen,Jaigaon,150.528,Low,280,560,kg/ha,27_494_shc_2023-24.8417
Maharashtra,Satara,2023-24,Nitrogen,Wakeshwar,257.15,Low,280,560,kg/ha,27_494_shc_2023-24.1533
Maharashtra,Satara,2023-24,Nitrogen,Wakeshwar,341.2,Medium,280,560,kg/ha,27_494_shc_2023-24.2768
Maharashtra,Satara,2023-24,Nitrogen,Wakeshwar,227.05,Low,280,560,kg/ha,27_494_shc_2023-24.2771
Maharashtra,Satara,2023-24,Nitrogen,Wakeshwar,288.51,Medium,280,560,kg/ha,27_494_shc_2023-24.2777
Maharashtra,Satara,2023-24,Nitrogen,Wakeshwar,203.21,Low,280,560,kg/ha,27_494_shc_2023-24.2780
Maharashtra,Satara,2023-24,Nitrogen,Naikachiwadi,106.62400000000001,Low,280,560,kg/ha,27_494_shc_2023-24.3122
Maharashtra,Satara,2023-24,Nitrogen,Sonavadi,75.26400000000001,Low,280,560,kg/ha,27_494_shc_2023-24.1682
Maharashtra,Satara,2023-24,Nitrogen,Are t.parali,125.44,Low,280,560,kg/ha,27_494_shc_2023-24.2086
Maharashtra,Satara,2023-24,Nitrogen,Are t.parali,137.984,Low,280,560,kg/ha,27_494_shc_2023-24.2568
Maharashtra,Satara,2023-24,Nitrogen,Are t.parali,125.44,Low,280,560,kg/ha,27_494_shc_2023-24.3232
Maharashtra,Satara,2023-24,Nitrogen,Are t.parali,175.616,Low,280,560,kg/ha,27_494_shc_2023-24.3238
Maharashtra,Satara,2023-24,Nitrogen,Are t.parali,119.16799999999999,Low,280,560,kg/ha,27_494_shc_2023-24.3239
Maharashtra,Satara,2023-24,Nitrogen,Are t.parali,150.528,Low,280,560,kg/ha,27_494_shc_2023-24.3296
Maharashtra,Satara,2023-24,Nitrogen,Are t.parali,163.072,Low,280,560,kg/ha,27_494_shc_2023-24.3297
Maharashtra,Satara,2023-24,Nitrogen,Are t.parali,150.528,Low,280,560,kg/ha,27_494_shc_2023-24.3299
Maharashtra,Satara,2023-24,Nitrogen,Are t.parali,175.616,Low,280,560,kg/ha,27_494_shc_2023-24.3300
Maharashtra,Satara,2023-24,Nitrogen,Are t.parali,188.16000000000003,Low,280,560,kg/ha,27_494_shc_2023-24.3301
Maharashtra,Satara,2023-24,Nitrogen,Are t.parali,137.984,Low,280,560,kg/ha,27_494_shc_2023-24.3305
Maharashtra,Satara,2023-24,Nitrogen,Are t.parali,137.984,Low,280,560,kg/ha,27_494_shc_2023-24.3306
Maharashtra,Satara,2023-24,Nitrogen,Are t.parali,200.70399999999998,Low,280,560,kg/ha,27_494_shc_2023-24.3307
Maharashtra,Satara,2023-24,Nitrogen,Are t.parali,163.072,Low,280,560,kg/ha,27_494_shc_2023-24.3308
Maharashtra,Satara,2023-24,Nitrogen,Are t.parali,175.616,Low,280,560,kg/ha,27_494_shc_2023-24.3309
Maharashtra,Satara,2023-24,Nitrogen,Are t.parali,137.984,Low,280,560,kg/ha,27_494_shc_2023-24.3311
Maharashtra,Satara,2023-24,Nitrogen,Are t.parali,125.44,Low,280,560,kg/ha,27_494_shc_2023-24.3312
Maharashtra,Satara,2023-24,Nitrogen,Are t.parali,213.248,Low,280,560,kg/ha,27_494_shc_2023-24.3313
Maharashtra,Satara,2023-24,Nitrogen,Sonavadi,175.616,Low,280,560,kg/ha,27_494_shc_2023-24.3848
Maharashtra,Satara,2023-24,Nitrogen,Are t.parali,213.248,Low,280,560,kg/ha,27_494_shc_2023-24.4382
Maharashtra,Satara,2023-24,Nitrogen,Sonavadi,112.89600000000002,Low,280,560,kg/ha,27_494_shc_2023-24.4779
Maharashtra,Satara,2023-24,Nitrogen,Sonavadi,150.528,Low,280,560,kg/ha,27_494_shc_2023-24.4780
Maharashtra,Satara,2023-24,Nitrogen,Sonavadi,125.44,Low,280,560,kg/ha,27_494_shc_2023-24.4919
Maharashtra,Satara,2023-24,Nitrogen,Sonavadi,112.89600000000002,Low,280,560,kg/ha,27_494_shc_2023-24.4920
Maharashtra,Satara,2023-24,Nitrogen,Sonavadi,137.984,Low,280,560,kg/ha,27_494_shc_2023-24.4922
Maharashtra,Satara,2023-24,Nitrogen,Sonavadi,125.44,Low,280,560,kg/ha,27_494_shc_2023-24.4931
Maharashtra,Satara,2023-24,Nitrogen,Sonavadi,163.072,Low,280,560,kg/ha,27_494_shc_2023-24.4932
Maharashtra,Satara,2023-24,Nitrogen,Sonavadi,175.616,Low,280,560,kg/ha,27_494_shc_2023-24.4934
Maharashtra,Satara,2023-24,Nitrogen,Are t.parali,175.616,Low,280,560,kg/ha,27_494_shc_2023-24.5285
Maharashtra,Satara,2023-24,Nitrogen,Dare t.parali,150.528,Low,280,560,kg/ha,27_494_shc_2023-24.5293
Maharashtra,Satara,2023-24,Nitrogen,Are t.parali,150.528,Low,280,560,kg/ha,27_494_shc_2023-24.5316
Maharashtra,Satara,2023-24,Nitrogen,Are t.parali,188.16000000000003,Low,280,560,kg/ha,27_494_shc_2023-24.5341
Maharashtra,Satara,2023-24,Nitrogen,Are t.parali,137.984,Low,280,560,kg/ha,27_494_shc_2023-24.5628
Maharashtra,Satara,2023-24,Nitrogen,Sonavadi,112.89600000000002,Low,280,560,kg/ha,27_494_shc_2023-24.5686
Maharashtra,Satara,2023-24,Nitrogen,Sonavadi,112.89600000000002,Low,280,560,kg/ha,27_494_shc_2023-24.5791
Maharashtra,Satara,2023-24,Nitrogen,Are t.parali,163.072,Low,280,560,kg/ha,27_494_shc_2023-24.5923
Maharashtra,Satara,2023-24,Nitrogen,Dare t.parali,188.16000000000003,Low,280,560,kg/ha,27_494_shc_2023-24.5961
Maharashtra,Satara,2023-24,Nitrogen,Are t.parali,175.616,Low,280,560,kg/ha,27_494_shc_2023-24.5963
Maharashtra,Satara,2023-24,Nitrogen,Are t.parali,163.072,Low,280,560,kg/ha,27_494_shc_2023-24.5965
Maharashtra,Satara,2023-24,Nitrogen,Dare t.parali,175.616,Low,280,560,kg/ha,27_494_shc_2023-24.5966
Maharashtra,Satara,2023-24,Nitrogen,Dare t.parali,125.44,Low,280,560,kg/ha,27_494_shc_2023-24.5967
Maharashtra,Satara,2023-24,Nitrogen,Are t.parali,175.616,Low,280,560,kg/ha,27_494_shc_2023-24.5973
Maharashtra,Satara,2023-24,Nitrogen,Are t.parali,175.616,Low,280,560,kg/ha,27_494_shc_2023-24.5974
Maharashtra,Satara,2023-24,Nitrogen,Are t.parali,175.616,Low,280,560,kg/ha,27_494_shc_2023-24.5982
Maharashtra,Satara,2023-24,Nitrogen,Dare t.parali,163.072,Low,280,560,kg/ha,27_494_shc_2023-24.5984
Maharashtra,Satara,2023-24,Nitrogen,Are t.parali,150.528,Low,280,560,kg/ha,27_494_shc_2023-24.5993
Maharashtra,Satara,2023-24,Nitrogen,Are t.parali,163.072,Low,280,560,kg/ha,27_494_shc_2023-24.5994
Maharashtra,Satara,2023-24,Nitrogen,Dare t.parali,137.984,Low,280,560,kg/ha,27_494_shc_2023-24.6744
Maharashtra,Satara,2023-24,Nitrogen,Sonavadi,125.44,Low,280,560,kg/ha,27_494_shc_2023-24.6805
Maharashtra,Satara,2023-24,Nitrogen,Shelkewadi,170.5984,Low,280,560,kg/ha,27_494_shc_2023-24.2070
Maharashtra,Satara,2023-24,Nitrogen,Shelkewadi,175.616,Low,280,560,kg/ha,27_494_shc_2023-24.2523
Maharashtra,Satara,2023-24,Nitrogen,Shelkewadi,163.072,Low,280,560,kg/ha,27_494_shc_2023-24.2530
Maharashtra,Satara,2023-24,Nitrogen,Shelkewadi,107.87840000000001,Low,280,560,kg/ha,27_494_shc_2023-24.2701
Maharashtra,Satara,2023-24,Nitrogen,Shelkewadi,170.5984,Low,280,560,kg/ha,27_494_shc_2023-24.2758
Maharashtra,Satara,2023-24,Nitrogen,Shelkewadi,145.51039999999998,Low,280,560,kg/ha,27_494_shc_2023-24.4395
Maharashtra,Satara,2023-24,Nitrogen,Shelkewadi,150.528,Low,280,560,kg/ha,27_494_shc_2023-24.6464
Maharashtra,Satara,2023-24,Nitrogen,Shelkewadi,208.23039999999997,Low,280,560,kg/ha,27_494_shc_2023-24.8260
Maharashtra,Satara,2023-24,Nitrogen,Shelkewadi,82.79039999999999,Low,280,560,kg/ha,27_494_shc_2023-24.8267
Maharashtra,Satara,2023-24,Nitrogen,Shelkewadi,220.77439999999999,Low,280,560,kg/ha,27_494_shc_2023-24.8285
Maharashtra,Satara,2023-24,Nitrogen,Shelkewadi,145.51039999999998,Low,280,560,kg/ha,27_494_shc_2023-24.8307
Maharashtra,Satara,2023-24,Nitrogen,Shelkewadi,220.77439999999999,Low,280,560,kg/ha,27_494_shc_2023-24.8312
Maharashtra,Satara,2023-24,Nitrogen,Shelkewadi,183.1424,Low,280,560,kg/ha,27_494_shc_2023-24.8320
Maharashtra,Satara,2023-24,Nitrogen,Shelkewadi,170.5984,Low,280,560,kg/ha,27_494_shc_2023-24.8326
Maharashtra,Satara,2023-24,Nitrogen,Shelkewadi,158.0544,Low,280,560,kg/ha,27_494_shc_2023-24.8340
Maharashtra,Satara,2023-24,Nitrogen,Shelkewadi,233.3184,Low,280,560,kg/ha,27_494_shc_2023-24.8344
Maharashtra,Satara,2023-24,Nitrogen,Shelkewadi,195.68639999999996,Low,280,560,kg/ha,27_494_shc_2023-24.8345
Maharashtra,Satara,2023-24,Nitrogen,Shelkewadi,132.9664,Low,280,560,kg/ha,27_494_shc_2023-24.8357
Maharashtra,Satara,2023-24,Nitrogen,Shelkewadi,158.0544,Low,280,560,kg/ha,27_494_shc_2023-24.8358
Maharashtra,Satara,2023-24,Nitrogen,Shelkewadi,158.0544,Low,280,560,kg/ha,27_494_shc_2023-24.8371
Maharashtra,Satara,2023-24,Nitrogen,Shelkewadi,137.984,Low,280,560,kg/ha,27_494_shc_2023-24.10631
Maharashtra,Satara,2023-24,Nitrogen,Shelkewadi,225.792,Low,280,560,kg/ha,27_494_shc_2023-24.10653
Maharashtra,Satara,2023-24,Nitrogen,Shelkewadi,150.528,Low,280,560,kg/ha,27_494_shc_2023-24.10663
Maharashtra,Satara,2023-24,Nitrogen,Shelkewadi,175.616,Low,280,560,kg/ha,27_494_shc_2023-24.10668
Maharashtra,Satara,2023-24,Nitrogen,Shelkewadi,213.248,Low,280,560,kg/ha,27_494_shc_2023-24.10696
Maharashtra,Satara,2023-24,Nitrogen,Shelkewadi,200.70399999999998,Low,280,560,kg/ha,27_494_shc_2023-24.11877
Maharashtra,Satara,2023-24,Nitrogen,Shelkewadi,137.984,Low,280,560,kg/ha,27_494_shc_2023-24.11883
Maharashtra,Satara,2023-24,Nitrogen,Kathapur,131.712,Low,280,560,kg/ha,27_494_shc_2023-24.9412
Maharashtra,Satara,2023-24,Nitrogen,Jaigaon,175.62,Low,280,560,kg/ha,27_494_shc_2023-24.1728
Maharashtra,Satara,2023-24,Nitrogen,Dughi,185.65120000000002,Low,280,560,kg/ha,27_494_shc_2023-24.2446
Maharashtra,Satara,2023-24,Nitrogen,Dughi,84.04,Low,280,560,kg/ha,27_494_shc_2023-24.3114
Maharashtra,Satara,2023-24,Nitrogen,Dughi,89.06,Low,280,560,kg/ha,27_494_shc_2023-24.3154
Maharashtra,Satara,2023-24,Nitrogen,Dughi,173.11,Low,280,560,kg/ha,27_494_shc_2023-24.4073
Maharashtra,Satara,2023-24,Nitrogen,Dughi,129.2,Low,280,560,kg/ha,27_494_shc_2023-24.4088
Maharashtra,Satara,2023-24,Nitrogen,Dughi,193.18,Low,280,560,kg/ha,27_494_shc_2023-24.4338
Maharashtra,Satara,2023-24,Nitrogen,Dughi,200.7,Low,280,560,kg/ha,27_494_shc_2023-24.5248
Maharashtra,Satara,2023-24,Nitrogen,Dughi,164.33,Low,280,560,kg/ha,27_494_shc_2023-24.5249
Maharashtra,Satara,2023-24,Nitrogen,Dughi,135.48,Low,280,560,kg/ha,27_494_shc_2023-24.5250
Maharashtra,Satara,2023-24,Nitrogen,Dughi,171.85,Low,280,560,kg/ha,27_494_shc_2023-24.5251
Maharashtra,Satara,2023-24,Nitrogen,Dughi,146.76,Low,280,560,kg/ha,27_494_shc_2023-24.5262
Maharashtra,Satara,2023-24,Nitrogen,Dughi,160.56,Low,280,560,kg/ha,27_494_shc_2023-24.5263
Maharashtra,Satara,2023-24,Nitrogen,Dughi,154.29,Low,280,560,kg/ha,27_494_shc_2023-24.5264
Maharashtra,Satara,2023-24,Nitrogen,Dughi,188.16,Low,280,560,kg/ha,27_494_shc_2023-24.5265
Maharashtra,Satara,2023-24,Nitrogen,Dughi,130.46,Low,280,560,kg/ha,27_494_shc_2023-24.5266
Maharashtra,Satara,2023-24,Nitrogen,Dughi,191.92,Low,280,560,kg/ha,27_494_shc_2023-24.5267
Maharashtra,Satara,2023-24,Nitrogen,Dughi,104.12,Low,280,560,kg/ha,27_494_shc_2023-24.5268
Maharashtra,Satara,2023-24,Nitrogen,Dughi,198.2,Low,280,560,kg/ha,27_494_shc_2023-24.5269
Maharashtra,Satara,2023-24,Nitrogen,Dughi,194.43,Low,280,560,kg/ha,27_494_shc_2023-24.5270
Maharashtra,Satara,2023-24,Nitrogen,Dughi,185.65,Low,280,560,kg/ha,27_494_shc_2023-24.5271
Maharashtra,Satara,2023-24,Nitrogen,Dughi,132.97,Low,280,560,kg/ha,27_494_shc_2023-24.5272
Maharashtra,Satara,2023-24,Nitrogen,Dughi,110.39,Low,280,560,kg/ha,27_494_shc_2023-24.5280
Maharashtra,Satara,2023-24,Nitrogen,Dughi,198.19519999999997,Low,280,560,kg/ha,27_494_shc_2023-24.5600
Maharashtra,Satara,2023-24,Nitrogen,Dughi,79.03,Low,280,560,kg/ha,27_494_shc_2023-24.5813
Maharashtra,Satara,2023-24,Nitrogen,Dughi,171.85,Low,280,560,kg/ha,27_494_shc_2023-24.6330
Maharashtra,Satara,2023-24,Nitrogen,Dughi,199.45,Low,280,560,kg/ha,27_494_shc_2023-24.6331
Maharashtra,Satara,2023-24,Nitrogen,Dughi,161.82,Low,280,560,kg/ha,27_494_shc_2023-24.6333
Maharashtra,Satara,2023-24,Nitrogen,Dughi,186.91,Low,280,560,kg/ha,27_494_shc_2023-24.6334
Maharashtra,Satara,2023-24,Nitrogen,Dughi,141.75,Low,280,560,kg/ha,27_494_shc_2023-24.6335
Maharashtra,Satara,2023-24,Nitrogen,Dughi,223.2832,Low,280,560,kg/ha,27_494_shc_2023-24.6336
Maharashtra,Satara,2023-24,Nitrogen,Dughi,127.95,Low,280,560,kg/ha,27_494_shc_2023-24.6337
Maharashtra,Satara,2023-24,Nitrogen,Dughi,145.51,Low,280,560,kg/ha,27_494_shc_2023-24.6338
Maharashtra,Satara,2023-24,Nitrogen,Dughi,148.02,Low,280,560,kg/ha,27_494_shc_2023-24.6340
Maharashtra,Satara,2023-24,Nitrogen,Dughi,160.56,Low,280,560,kg/ha,27_494_shc_2023-24.6341
Maharashtra,Satara,2023-24,Nitrogen,Dughi,203.21,Low,280,560,kg/ha,27_494_shc_2023-24.6342
Maharashtra,Satara,2023-24,Nitrogen,Dughi,166.84,Low,280,560,kg/ha,27_494_shc_2023-24.6343
Maharashtra,Satara,2023-24,Nitrogen,Dughi,165.58,Low,280,560,kg/ha,27_494_shc_2023-24.6344
Maharashtra,Satara,2023-24,Nitrogen,Dughi,160.5632,Low,280,560,kg/ha,27_494_shc_2023-24.6345
Maharashtra,Satara,2023-24,Nitrogen,Dughi,85.29919999999998,Low,280,560,kg/ha,27_494_shc_2023-24.6347
Maharashtra,Satara,2023-24,Nitrogen,Dughi,85.29919999999998,Low,280,560,kg/ha,27_494_shc_2023-24.6349
Maharashtra,Satara,2023-24,Nitrogen,Dughi,199.45,Low,280,560,kg/ha,27_494_shc_2023-24.6371
Maharashtra,Satara,2023-24,Nitrogen,Dughi,77.77,Low,280,560,kg/ha,27_494_shc_2023-24.6372
Maharashtra,Satara,2023-24,Nitrogen,Dughi,235.8272,Low,280,560,kg/ha,27_494_shc_2023-24.6373
Maharashtra,Satara,2023-24,Nitrogen,Dughi,184.4,Low,280,560,kg/ha,27_494_shc_2023-24.6374
Maharashtra,Satara,2023-24,Nitrogen,Dughi,200.7,Low,280,560,kg/ha,27_494_shc_2023-24.6375
Maharashtra,Satara,2023-24,Nitrogen,Dughi,85.29919999999998,Low,280,560,kg/ha,27_494_shc_2023-24.6378
Maharashtra,Satara,2023-24,Nitrogen,Dughi,72.7552,Low,280,560,kg/ha,27_494_shc_2023-24.6379
Maharashtra,Satara,2023-24,Nitrogen,Dughi,122.93119999999999,Low,280,560,kg/ha,27_494_shc_2023-24.6380
Maharashtra,Satara,2023-24,Nitrogen,Dughi,85.29919999999998,Low,280,560,kg/ha,27_494_shc_2023-24.6381
Maharashtra,Satara,2023-24,Nitrogen,Jaigaon,87.8,Low,280,560,kg/ha,27_494_shc_2023-24.2322
Maharashtra,Satara,2023-24,Nitrogen,Jaigaon,37.6,Low,280,560,kg/ha,27_494_shc_2023-24.2323
Maharashtra,Satara,2023-24,Nitrogen,Jaigaon,143.0,Low,280,560,kg/ha,27_494_shc_2023-24.2335
Maharashtra,Satara,2023-24,Nitrogen,Jaigaon,158.05,Low,280,560,kg/ha,27_494_shc_2023-24.2337
Maharashtra,Satara,2023-24,Nitrogen,Jaigaon,188.16,Low,280,560,kg/ha,27_494_shc_2023-24.2340
Maharashtra,Satara,2023-24,Nitrogen,Jaigaon,137.98,Low,280,560,kg/ha,27_494_shc_2023-24.2341
Maharashtra,Satara,2023-24,Nitrogen,Jaigaon,151.78,Low,280,560,kg/ha,27_494_shc_2023-24.2342
Maharashtra,Satara,2023-24,Nitrogen,Jaigaon,178.12,Low,280,560,kg/ha,27_494_shc_2023-24.2346
Maharashtra,Satara,2023-24,Nitrogen,Jaigaon,205.72,Low,280,560,kg/ha,27_494_shc_2023-24.2349
Maharashtra,Satara,2023-24,Nitrogen,Jaigaon,293.53,Medium,280,560,kg/ha,27_494_shc_2023-24.3846
Maharashtra,Satara,2023-24,Nitrogen,Kanherkhed,150.528,Low,280,560,kg/ha,27_494_shc_2023-24.4596
Maharashtra,Satara,2023-24,Nitrogen,Kanherkhed,87.80799999999999,Low,280,560,kg/ha,27_494_shc_2023-24.4597
Maharashtra,Satara,2023-24,Nitrogen,Kanherkhed,87.80799999999999,Low,280,560,kg/ha,27_494_shc_2023-24.4599
Maharashtra,Satara,2023-24,Nitrogen,Kanherkhed,150.528,Low,280,560,kg/ha,27_494_shc_2023-24.4602
Maharashtra,Satara,2023-24,Nitrogen,Kanherkhed,163.072,Low,280,560,kg/ha,27_494_shc_2023-24.4607
Maharashtra,Satara,2023-24,Nitrogen,Kanherkhed,175.616,Low,280,560,kg/ha,27_494_shc_2023-24.4608
Maharashtra,Satara,2023-24,Nitrogen,Kanherkhed,62.72,Low,280,560,kg/ha,27_494_shc_2023-24.4613
Maharashtra,Satara,2023-24,Nitrogen,Jaigaon,159.31,Low,280,560,kg/ha,27_494_shc_2023-24.4814
Maharashtra,Satara,2023-24,Nitrogen,Jaigaon,289.77,Medium,280,560,kg/ha,27_494_shc_2023-24.5679
Maharashtra,Satara,2023-24,Nitrogen,Jaigaon,161.87,Low,280,560,kg/ha,27_494_shc_2023-24.6881
Maharashtra,Satara,2023-24,Nitrogen,Jaigaon,195.69,Low,280,560,kg/ha,27_494_shc_2023-24.7248
Maharashtra,Satara,2023-24,Nitrogen,Jaigaon,134.22,Low,280,560,kg/ha,27_494_shc_2023-24.7699
Maharashtra,Satara,2023-24,Nitrogen,Kanherkhed,100.352,Low,280,560,kg/ha,27_494_shc_2023-24.8401
Maharashtra,Satara,2023-24,Nitrogen,Jaigaon,180.63,Low,280,560,kg/ha,27_494_shc_2023-24.8468
Maharashtra,Satara,2023-24,Nitrogen,Jaigaon,253.39,Low,280,560,kg/ha,27_494_shc_2023-24.9548
Maharashtra,Satara,2023-24,Nitrogen,Kanherkhed,1.2,Low,280,560,kg/ha,27_494_shc_2023-24.11549
Maharashtra,Satara,2023-24,Nitrogen,Khatav,25.088000000000008,Low,280,560,kg/ha,27_494_shc_2023-24.5152
Maharashtra,Satara,2023-24,Nitrogen,Jakhangaon,135.4752,Low,280,560,kg/ha,27_494_shc_2023-24.8993
Maharashtra,Satara,2023-24,Nitrogen,Khatav,150.528,Low,280,560,kg/ha,27_494_shc_2023-24.1966
Maharashtra,Satara,2023-24,Nitrogen,Khatav,175.616,Low,280,560,kg/ha,27_494_shc_2023-24.5137
Maharashtra,Satara,2023-24,Nitrogen,Khatav,163.072,Low,280,560,kg/ha,27_494_shc_2023-24.5155
Maharashtra,Satara,2023-24,Nitrogen,Khatav,150.528,Low,280,560,kg/ha,27_494_shc_2023-24.6430
Maharashtra,Satara,2023-24,Nitrogen,Khatav,87.80799999999999,Low,280,560,kg/ha,27_494_shc_2023-24.6431
Maharashtra,Satara,2023-24,Nitrogen,Mandave,273.46,Low,280,560,kg/ha,27_494_shc_2023-24.2401
Maharashtra,Satara,2023-24,Nitrogen,Mandave,232.06,Low,280,560,kg/ha,27_494_shc_2023-24.2402
Maharashtra,Satara,2023-24,Nitrogen,Manjarwadi,242.1,Low,280,560,kg/ha,27_494_shc_2023-24.2426
Maharashtra,Satara,2023-24,Nitrogen,Mandave,156.8,Low,280,560,kg/ha,27_494_shc_2023-24.2429
Maharashtra,Satara,2023-24,Nitrogen,Mandave,209.48,Low,280,560,kg/ha,27_494_shc_2023-24.2430
Maharashtra,Satara,2023-24,Nitrogen,Mandave,245.86,Low,280,560,kg/ha,27_494_shc_2023-24.2443
Maharashtra,Satara,2023-24,Nitrogen,Mandave,380.08,Medium,280,560,kg/ha,27_494_shc_2023-24.3138
Maharashtra,Satara,2023-24,Nitrogen,Mandave,233.32,Low,280,560,kg/ha,27_494_shc_2023-24.4062
Maharashtra,Satara,2023-24,Nitrogen,Mandave,269.7,Low,280,560,kg/ha,27_494_shc_2023-24.4071
Maharashtra,Satara,2023-24,Nitrogen,Mandave,322.38,Medium,280,560,kg/ha,27_494_shc_2023-24.4074
Maharashtra,Satara,2023-24,Nitrogen,Mandave,228.3,Low,280,560,kg/ha,27_494_shc_2023-24.4080
Maharashtra,Satara,2023-24,Nitrogen,Mandave,403.92,Medium,280,560,kg/ha,27_494_shc_2023-24.5055
Maharashtra,Satara,2023-24,Nitrogen,Mandave,203.21,Low,280,560,kg/ha,27_494_shc_2023-24.5109
Maharashtra,Satara,2023-24,Nitrogen,Mandave,210.74,Low,280,560,kg/ha,27_494_shc_2023-24.6817
Maharashtra,Satara,2023-24,Nitrogen,Mandave,199.45,Low,280,560,kg/ha,27_494_shc_2023-24.6830
Maharashtra,Satara,2023-24,Nitrogen,Mandave,318.62,Medium,280,560,kg/ha,27_494_shc_2023-24.6893
Maharashtra,Satara,2023-24,Nitrogen,Mandave,148.02,Low,280,560,kg/ha,27_494_shc_2023-24.6909
Maharashtra,Satara,2023-24,Nitrogen,Mandave,244.61,Low,280,560,kg/ha,27_494_shc_2023-24.7305
Maharashtra,Satara,2023-24,Nitrogen,Mandave,258.41,Low,280,560,kg/ha,27_494_shc_2023-24.7869
Maharashtra,Satara,2023-24,Nitrogen,Mandave,214.5,Low,280,560,kg/ha,27_494_shc_2023-24.9808
Maharashtra,Satara,2023-24,Nitrogen,Mandave,303.56,Medium,280,560,kg/ha,27_494_shc_2023-24.11064
Maharashtra,Satara,2023-24,Nitrogen,Tadavale,237.08,Low,280,560,kg/ha,27_494_shc_2023-24.1587
Maharashtra,Satara,2023-24,Nitrogen,Tadavale,303.56,Medium,280,560,kg/ha,27_494_shc_2023-24.1675
Maharashtra,Satara,2023-24,Nitrogen,Tadavale,278.48,Low,280,560,kg/ha,27_494_shc_2023-24.2106
Maharashtra,Satara,2023-24,Nitrogen,Tadavale,252.13,Low,280,560,kg/ha,27_494_shc_2023-24.2112
Maharashtra,Satara,2023-24,Nitrogen,Naravane,208.23,Low,280,560,kg/ha,27_494_shc_2023-24.4322
Maharashtra,Satara,2023-24,Nitrogen,Mhaswad,180.63,Low,280,560,kg/ha,27_494_shc_2023-24.2557
Maharashtra,Satara,2023-24,Nitrogen,Mhaswad,151.78,Low,280,560,kg/ha,27_494_shc_2023-24.6916
Maharashtra,Satara,2023-24,Nitrogen,Sayali,131.712,Low,280,560,kg/ha,27_494_shc_2023-24.2286
Maharashtra,Satara,2023-24,Nitrogen,Sayali,106.62400000000001,Low,280,560,kg/ha,27_494_shc_2023-24.6673
Maharashtra,Satara,2023-24,Nitrogen,Sayali,169.344,Low,280,560,kg/ha,27_494_shc_2023-24.7439
Maharashtra,Satara,2023-24,Nitrogen,Sayali,206.976,Low,280,560,kg/ha,27_494_shc_2023-24.8744
Maharashtra,Satara,2023-24,Nitrogen,Sayali,144.256,Low,280,560,kg/ha,27_494_shc_2023-24.8768
Maharashtra,Satara,2023-24,Nitrogen,Sayali,219.51999999999998,Low,280,560,kg/ha,27_494_shc_2023-24.8777
Maharashtra,Satara,2023-24,Nitrogen,Sayali,206.976,Low,280,560,kg/ha,27_494_shc_2023-24.8855
Maharashtra,Satara,2023-24,Nitrogen,Sayali,106.62400000000001,Low,280,560,kg/ha,27_494_shc_2023-24.8874
Maharashtra,Satara,2023-24,Nitrogen,Sayali,194.432,Low,280,560,kg/ha,27_494_shc_2023-24.8875
Maharashtra,Satara,2023-24,Nitrogen,Sayali,94.08,Low,280,560,kg/ha,27_494_shc_2023-24.8885
Maharashtra,Satara,2023-24,Nitrogen,Sayali,94.08,Low,280,560,kg/ha,27_494_shc_2023-24.8886
Maharashtra,Satara,2023-24,Nitrogen,Sayali,144.256,Low,280,560,kg/ha,27_494_shc_2023-24.8887
Maharashtra,Satara,2023-24,Nitrogen,Sayali,119.16799999999999,Low,280,560,kg/ha,27_494_shc_2023-24.9374
Maharashtra,Satara,2023-24,Nitrogen,Sayali,68.992,Low,280,560,kg/ha,27_494_shc_2023-24.9375
Maharashtra,Satara,2023-24,Nitrogen,Sayali,131.712,Low,280,560,kg/ha,27_494_shc_2023-24.9399
Maharashtra,Satara,2023-24,Nitrogen,Sayali,156.8,Low,280,560,kg/ha,27_494_shc_2023-24.9400
Maharashtra,Satara,2023-24,Nitrogen,Sayali,194.432,Low,280,560,kg/ha,27_494_shc_2023-24.9401
Maharashtra,Satara,2023-24,Nitrogen,Sayali,219.51999999999998,Low,280,560,kg/ha,27_494_shc_2023-24.9402
Maharashtra,Satara,2023-24,Nitrogen,Sayali,94.08,Low,280,560,kg/ha,27_494_shc_2023-24.9403
Maharashtra,Satara,2023-24,Nitrogen,Varye,141.7472,Low,280,560,kg/ha,27_494_shc_2023-24.8594
Maharashtra,Satara,2023-24,Nitrogen,Varye,292.2752,Medium,280,560,kg/ha,27_494_shc_2023-24.8574
Maharashtra,Satara,2023-24,Nitrogen,Borne,165.58080000000004,Low,280,560,kg/ha,27_494_shc_2023-24.9614
Maharashtra,Satara,2023-24,Nitrogen,Pimpali,180.63,Low,280,560,kg/ha,27_494_shc_2023-24.2986
Maharashtra,Satara,2023-24,Nitrogen,Varye,239.59040000000002,Low,280,560,kg/ha,27_494_shc_2023-24.8488
Maharashtra,Satara,2023-24,Nitrogen,Valase,219.51999999999998,Low,280,560,kg/ha,27_494_shc_2023-24.9941
Maharashtra,Satara,2023-24,Nitrogen,Nitral,75.26400000000001,Low,280,560,kg/ha,27_494_shc_2023-24.10116
Maharashtra,Satara,2023-24,Nitrogen,Bhakarwadi,112.89600000000002,Low,280,560,kg/ha,27_494_shc_2023-24.6424
Maharashtra,Satara,2023-24,Nitrogen,Bhakarwadi,112.89600000000002,Low,280,560,kg/ha,27_494_shc_2023-24.6425
Maharashtra,Satara,2023-24,Nitrogen,Jaigaon,260.92,Low,280,560,kg/ha,27_494_shc_2023-24.2316
Maharashtra,Satara,2023-24,Nitrogen,Jaigaon,293.53,Medium,280,560,kg/ha,27_494_shc_2023-24.2317
Maharashtra,Satara,2023-24,Nitrogen,Jaigaon,258.41,Low,280,560,kg/ha,27_494_shc_2023-24.2327
Maharashtra,Satara,2023-24,Nitrogen,Jaigaon,269.7,Low,280,560,kg/ha,27_494_shc_2023-24.4984
Maharashtra,Satara,2023-24,Nitrogen,Visapur,110.3872,Low,280,560,kg/ha,27_494_shc_2023-24.12301
Maharashtra,Satara,2023-24,Nitrogen,Revalkarwadi,210.7392,Low,280,560,kg/ha,27_494_shc_2023-24.12308
Maharashtra,Satara,2023-24,Nitrogen,Revalkarwadi,288.512,Medium,280,560,kg/ha,27_494_shc_2023-24.12314
Maharashtra,Satara,2023-24,Nitrogen,Visapur,135.4752,Low,280,560,kg/ha,27_494_shc_2023-24.12353
Maharashtra,Satara,2023-24,Nitrogen,Visapur,210.73919999999998,Low,280,560,kg/ha,27_494_shc_2023-24.12356
Maharashtra,Satara,2023-24,Nitrogen,Visapur,85.29919999999998,Low,280,560,kg/ha,27_494_shc_2023-24.12364
Maharashtra,Satara,2023-24,Nitrogen,Visapur,185.65120000000002,Low,280,560,kg/ha,27_494_shc_2023-24.12366
Maharashtra,Satara,2023-24,Nitrogen,Visapur,97.8432,Low,280,560,kg/ha,27_494_shc_2023-24.12368
Maharashtra,Satara,2023-24,Nitrogen,Visapur,110.3872,Low,280,560,kg/ha,27_494_shc_2023-24.12371
Maharashtra,Satara,2023-24,Nitrogen,Visapur,122.93119999999999,Low,280,560,kg/ha,27_494_shc_2023-24.12373
Maharashtra,Satara,2023-24,Nitrogen,Visapur,135.4752,Low,280,560,kg/ha,27_494_shc_2023-24.12374
Maharashtra,Satara,2023-24,Nitrogen,Visapur,173.1072,Low,280,560,kg/ha,27_494_shc_2023-24.12375
Maharashtra,Satara,2023-24,Nitrogen,Visapur,160.5632,Low,280,560,kg/ha,27_494_shc_2023-24.12376
Maharashtra,Satara,2023-24,Nitrogen,Visapur,60.2112,Low,280,560,kg/ha,27_494_shc_2023-24.12378
Maharashtra,Satara,2023-24,Nitrogen,Visapur,160.5632,Low,280,560,kg/ha,27_494_shc_2023-24.12379
Maharashtra,Satara,2023-24,Nitrogen,Visapur,60.2112,Low,280,560,kg/ha,27_494_shc_2023-24.12381
Maharashtra,Satara,2023-24,Nitrogen,Visapur,122.93119999999999,Low,280,560,kg/ha,27_494_shc_2023-24.12383
Maharashtra,Satara,2023-24,Nitrogen,Visapur,110.3872,Low,280,560,kg/ha,27_494_shc_2023-24.12384
Maharashtra,Satara,2023-24,Nitrogen,Visapur,148.01919999999998,Low,280,560,kg/ha,27_494_shc_2023-24.12385
Maharashtra,Satara,2023-24,Nitrogen,Visapur,72.7552,Low,280,560,kg/ha,27_494_shc_2023-24.12390
Maharashtra,Satara,2023-24,Nitrogen,Visapur,72.7552,Low,280,560,kg/ha,27_494_shc_2023-24.12394
Maharashtra,Satara,2023-24,Nitrogen,Revalkarwadi,328.6528,Medium,280,560,kg/ha,27_494_shc_2023-24.12398
Maharashtra,Satara,2023-24,Nitrogen,Khatgun,122.93119999999999,Low,280,560,kg/ha,27_494_shc_2023-24.2418
Maharashtra,Satara,2023-24,Nitrogen,Khatgun,248.37120000000002,Low,280,560,kg/ha,27_494_shc_2023-24.5200
Maharashtra,Satara,2023-24,Nitrogen,Khatgun,160.5632,Low,280,560,kg/ha,27_494_shc_2023-24.11070
Maharashtra,Satara,2023-24,Nitrogen,Khatgun,148.01919999999998,Low,280,560,kg/ha,27_494_shc_2023-24.11075
Maharashtra,Satara,2023-24,Nitrogen,Khatgun,223.2832,Low,280,560,kg/ha,27_494_shc_2023-24.11076
Maharashtra,Satara,2023-24,Nitrogen,Khatgun,185.65120000000002,Low,280,560,kg/ha,27_494_shc_2023-24.11082
Maharashtra,Satara,2023-24,Nitrogen,Revalkarwadi,237.08,Low,280,560,kg/ha,27_494_shc_2023-24.12298
Maharashtra,Satara,2023-24,Nitrogen,Jakhangaon,160.5632,Low,280,560,kg/ha,27_494_shc_2023-24.11961
Maharashtra,Satara,2023-24,Nitrogen,Karkhel,96.59,Low,280,560,kg/ha,27_494_shc_2023-24.7078
Maharashtra,Satara,2023-24,Nitrogen,Karkhel,156.8,Low,280,560,kg/ha,27_494_shc_2023-24.9416
Maharashtra,Satara,2023-24,Nitrogen,Varye,238.336,Low,280,560,kg/ha,27_494_shc_2023-24.2355
Maharashtra,Satara,2023-24,Nitrogen,Varye,327.3984,Medium,280,560,kg/ha,27_494_shc_2023-24.7706
Maharashtra,Satara,2023-24,Nitrogen,Varye,296.0384,Medium,280,560,kg/ha,27_494_shc_2023-24.7826
Maharashtra,Satara,2023-24,Nitrogen,Varye,248.37119999999996,Low,280,560,kg/ha,27_494_shc_2023-24.8465
Maharashtra,Satara,2023-24,Nitrogen,Varye,280.9856,Medium,280,560,kg/ha,27_494_shc_2023-24.8587
Maharashtra,Satara,2023-24,Nitrogen,Varye,143.0016,Low,280,560,kg/ha,27_494_shc_2023-24.8726
Maharashtra,Satara,2023-24,Nitrogen,Kumathe,188.16,Low,280,560,kg/ha,27_494_shc_2023-24.3740
Maharashtra,Satara,2023-24,Nitrogen,Kumathe,200.7,Low,280,560,kg/ha,27_494_shc_2023-24.3790
Maharashtra,Satara,2023-24,Nitrogen,Bidal,129.2,Low,280,560,kg/ha,27_494_shc_2023-24.3469
Maharashtra,Satara,2023-24,Nitrogen,Vadgaon (J.s.),112.9,Low,280,560,kg/ha,27_494_shc_2023-24.1936
Maharashtra,Satara,2023-24,Nitrogen,Vadgaon,178.12,Low,280,560,kg/ha,27_494_shc_2023-24.2393
Maharashtra,Satara,2023-24,Nitrogen,Vadgaon,120.42,Low,280,560,kg/ha,27_494_shc_2023-24.2497
Maharashtra,Satara,2023-24,Nitrogen,Vadgaon (J.s.),233.32,Low,280,560,kg/ha,27_494_shc_2023-24.7762
Maharashtra,Satara,2023-24,Nitrogen,Rule,258.4064,Low,280,560,kg/ha,27_494_shc_2023-24.2185
Maharashtra,Satara,2023-24,Nitrogen,Rule,257.152,Low,280,560,kg/ha,27_494_shc_2023-24.3533
Maharashtra,Satara,2023-24,Nitrogen,Rule,487.9616,Medium,280,560,kg/ha,27_494_shc_2023-24.4488
Maharashtra,Satara,2023-24,Nitrogen,Rule,446.5664,Medium,280,560,kg/ha,27_494_shc_2023-24.5423
Maharashtra,Satara,2023-24,Nitrogen,Rule,247.11679999999998,Low,280,560,kg/ha,27_494_shc_2023-24.5663
Maharashtra,Satara,2023-24,Nitrogen,Rule,161.8176,Low,280,560,kg/ha,27_494_shc_2023-24.6550
Maharashtra,Satara,2023-24,Nitrogen,Rule,250.88,Low,280,560,kg/ha,27_494_shc_2023-24.6643
Maharashtra,Satara,2023-24,Nitrogen,Rule,268.44159999999994,Low,280,560,kg/ha,27_494_shc_2023-24.6773
Maharashtra,Satara,2023-24,Nitrogen,Rule,327.3984,Medium,280,560,kg/ha,27_494_shc_2023-24.7018
Maharashtra,Satara,2023-24,Nitrogen,Rule,496.7423999999999,Medium,280,560,kg/ha,27_494_shc_2023-24.7019
Maharashtra,Satara,2023-24,Nitrogen,Rule,327.3984,Medium,280,560,kg/ha,27_494_shc_2023-24.7020
Maharashtra,Satara,2023-24,Nitrogen,Rule,242.09919999999997,Low,280,560,kg/ha,27_494_shc_2023-24.7375
Maharashtra,Satara,2023-24,Nitrogen,Rule,429.0048,Medium,280,560,kg/ha,27_494_shc_2023-24.7675
Maharashtra,Satara,2023-24,Nitrogen,Rule,179.3792,Low,280,560,kg/ha,27_494_shc_2023-24.8100
Maharashtra,Satara,2023-24,Nitrogen,Rule,173.10719999999998,Low,280,560,kg/ha,27_494_shc_2023-24.8101
Maharashtra,Satara,2023-24,Nitrogen,Rule,361.2672,Medium,280,560,kg/ha,27_494_shc_2023-24.8102
Maharashtra,Satara,2023-24,Nitrogen,Rule,471.6544,Medium,280,560,kg/ha,27_494_shc_2023-24.8103
Maharashtra,Satara,2023-24,Nitrogen,Rule,254.64320000000004,Low,280,560,kg/ha,27_494_shc_2023-24.8107
Maharashtra,Satara,2023-24,Nitrogen,Rule,269.696,Low,280,560,kg/ha,27_494_shc_2023-24.8108
Maharashtra,Satara,2023-24,Nitrogen,Rule,179.3792,Low,280,560,kg/ha,27_494_shc_2023-24.8109
Maharashtra,Satara,2023-24,Nitrogen,Rule,278.47679999999997,Low,280,560,kg/ha,27_494_shc_2023-24.8110
Maharashtra,Satara,2023-24,Nitrogen,Rule,219.51999999999998,Low,280,560,kg/ha,27_494_shc_2023-24.8111
Maharashtra,Satara,2023-24,Nitrogen,Rule,178.1248,Low,280,560,kg/ha,27_494_shc_2023-24.8112
Maharashtra,Satara,2023-24,Nitrogen,Rule,233.3184,Low,280,560,kg/ha,27_494_shc_2023-24.8113
Maharashtra,Satara,2023-24,Nitrogen,Rule,413.952,Medium,280,560,kg/ha,27_494_shc_2023-24.8120
Maharashtra,Satara,2023-24,Nitrogen,Rule,291.02079999999995,Medium,280,560,kg/ha,27_494_shc_2023-24.8121
Maharashtra,Satara,2023-24,Nitrogen,Rule,259.66080000000005,Low,280,560,kg/ha,27_494_shc_2023-24.8122
Maharashtra,Satara,2023-24,Nitrogen,Rule,237.0816,Low,280,560,kg/ha,27_494_shc_2023-24.8123
Maharashtra,Satara,2023-24,Nitrogen,Rule,222.0288,Low,280,560,kg/ha,27_494_shc_2023-24.8124
Maharashtra,Satara,2023-24,Nitrogen,Rule,459.1104,Medium,280,560,kg/ha,27_494_shc_2023-24.8125
Maharashtra,Satara,2023-24,Nitrogen,Rule,222.02879999999996,Low,280,560,kg/ha,27_494_shc_2023-24.8126
Maharashtra,Satara,2023-24,Nitrogen,Rule,160.5632,Low,280,560,kg/ha,27_494_shc_2023-24.8127
Maharashtra,Satara,2023-24,Nitrogen,Rule,333.67040000000003,Medium,280,560,kg/ha,27_494_shc_2023-24.8128
Maharashtra,Satara,2023-24,Nitrogen,Rule,449.07519999999994,Medium,280,560,kg/ha,27_494_shc_2023-24.8129
Maharashtra,Satara,2023-24,Nitrogen,Rule,262.1696,Low,280,560,kg/ha,27_494_shc_2023-24.8130
Maharashtra,Satara,2023-24,Nitrogen,Rule,165.5808,Low,280,560,kg/ha,27_494_shc_2023-24.8140
Maharashtra,Satara,2023-24,Nitrogen,Rule,331.1616,Medium,280,560,kg/ha,27_494_shc_2023-24.8141
Maharashtra,Satara,2023-24,Nitrogen,Rule,259.6608,Low,280,560,kg/ha,27_494_shc_2023-24.8142
Maharashtra,Satara,2023-24,Nitrogen,Rule,255.8976,Low,280,560,kg/ha,27_494_shc_2023-24.8143
Maharashtra,Satara,2023-24,Nitrogen,Rule,245.8624,Low,280,560,kg/ha,27_494_shc_2023-24.8144
Maharashtra,Satara,2023-24,Nitrogen,Rule,269.69599999999997,Low,280,560,kg/ha,27_494_shc_2023-24.8188
Maharashtra,Satara,2023-24,Nitrogen,Rule,306.0736,Medium,280,560,kg/ha,27_494_shc_2023-24.8189
Maharashtra,Satara,2023-24,Nitrogen,Rule,245.86239999999995,Low,280,560,kg/ha,27_494_shc_2023-24.8190
Maharashtra,Satara,2023-24,Nitrogen,Rule,222.0288,Low,280,560,kg/ha,27_494_shc_2023-24.8192
Maharashtra,Satara,2023-24,Nitrogen,Rule,265.9328,Low,280,560,kg/ha,27_494_shc_2023-24.8193
Maharashtra,Satara,2023-24,Nitrogen,Rule,243.3536,Low,280,560,kg/ha,27_494_shc_2023-24.8194
Maharashtra,Satara,2023-24,Nitrogen,Rule,259.6608,Low,280,560,kg/ha,27_494_shc_2023-24.8195
Maharashtra,Satara,2023-24,Nitrogen,Rule,452.8384,Medium,280,560,kg/ha,27_494_shc_2023-24.8196
Maharashtra,Satara,2023-24,Nitrogen,Rule,237.08159999999998,Low,280,560,kg/ha,27_494_shc_2023-24.8202
Maharashtra,Satara,2023-24,Nitrogen,Rule,239.59039999999996,Low,280,560,kg/ha,27_494_shc_2023-24.8222
Maharashtra,Satara,2023-24,Nitrogen,Vengale,270.9504,Low,280,560,kg/ha,27_494_shc_2023-24.2072
Maharashtra,Satara,2023-24,Nitrogen,Vengale,222.0288,Low,280,560,kg/ha,27_494_shc_2023-24.2080
Maharashtra,Satara,2023-24,Nitrogen,Vengale,239.59040000000002,Low,280,560,kg/ha,27_494_shc_2023-24.4396
Maharashtra,Satara,2023-24,Nitrogen,Vengale,294.784,Medium,280,560,kg/ha,27_494_shc_2023-24.6616
Maharashtra,Satara,2023-24,Nitrogen,Vengale,213.24799999999996,Low,280,560,kg/ha,27_494_shc_2023-24.7138
Maharashtra,Satara,2023-24,Nitrogen,Vengale,331.1616,Medium,280,560,kg/ha,27_494_shc_2023-24.8074
Maharashtra,Satara,2023-24,Nitrogen,Vengale,213.24799999999996,Low,280,560,kg/ha,27_494_shc_2023-24.8277
Maharashtra,Satara,2023-24,Nitrogen,Vengale,206.976,Low,280,560,kg/ha,27_494_shc_2023-24.8980
Maharashtra,Satara,2023-24,Nitrogen,Vengale,437.7856,Medium,280,560,kg/ha,27_494_shc_2023-24.8983
Maharashtra,Satara,2023-24,Nitrogen,Vengale,255.8976,Low,280,560,kg/ha,27_494_shc_2023-24.10472
Maharashtra,Satara,2023-24,Nitrogen,Vengale,306.0736,Medium,280,560,kg/ha,27_494_shc_2023-24.10476
Maharashtra,Satara,2023-24,Nitrogen,Vengale,230.8096,Low,280,560,kg/ha,27_494_shc_2023-24.10477
Maharashtra,Satara,2023-24,Nitrogen,Vengale,245.86239999999998,Low,280,560,kg/ha,27_494_shc_2023-24.10490
Maharashtra,Satara,2023-24,Nitrogen,Vengale,460.36480000000006,Medium,280,560,kg/ha,27_494_shc_2023-24.10491
Maharashtra,Satara,2023-24,Nitrogen,Vengale,257.15200000000004,Low,280,560,kg/ha,27_494_shc_2023-24.10503
Maharashtra,Satara,2023-24,Nitrogen,Vengale,412.6976,Medium,280,560,kg/ha,27_494_shc_2023-24.10504
Maharashtra,Satara,2023-24,Nitrogen,Vengale,254.64320000000004,Low,280,560,kg/ha,27_494_shc_2023-24.10511
Maharashtra,Satara,2023-24,Nitrogen,Vengale,242.09920000000002,Low,280,560,kg/ha,27_494_shc_2023-24.10512
Maharashtra,Satara,2023-24,Nitrogen,Vengale,234.5728,Low,280,560,kg/ha,27_494_shc_2023-24.10567
Maharashtra,Satara,2023-24,Nitrogen,Vengale,244.60799999999998,Low,280,560,kg/ha,27_494_shc_2023-24.10568
Maharashtra,Satara,2023-24,Nitrogen,Vengale,240.8448,Low,280,560,kg/ha,27_494_shc_2023-24.10580
Maharashtra,Satara,2023-24,Nitrogen,Vengale,237.0816,Low,280,560,kg/ha,27_494_shc_2023-24.10581
Maharashtra,Satara,2023-24,Nitrogen,Vengale,262.16960000000006,Low,280,560,kg/ha,27_494_shc_2023-24.10582
Maharashtra,Satara,2023-24,Nitrogen,Kusumbi,159.30879999999996,Low,280,560,kg/ha,27_494_shc_2023-24.8862
Maharashtra,Satara,2023-24,Nitrogen,Kusumbi,119.16799999999999,Low,280,560,kg/ha,27_494_shc_2023-24.9723
Maharashtra,Satara,2023-24,Nitrogen,Ganje,291.02,Medium,280,560,kg/ha,27_494_shc_2023-24.9725
Maharashtra,Satara,2023-24,Nitrogen,Kusumbi,205.72160000000002,Low,280,560,kg/ha,27_494_shc_2023-24.9727
Maharashtra,Satara,2023-24,Nitrogen,Kusumbi,135.47519999999997,Low,280,560,kg/ha,27_494_shc_2023-24.9729
Maharashtra,Satara,2023-24,Nitrogen,Kusumbi,105.3696,Low,280,560,kg/ha,27_494_shc_2023-24.9731
Maharashtra,Satara,2023-24,Nitrogen,Kusumbi,120.4224,Low,280,560,kg/ha,27_494_shc_2023-24.9732
Maharashtra,Satara,2023-24,Nitrogen,Kusumbi,148.01919999999998,Low,280,560,kg/ha,27_494_shc_2023-24.9736
Maharashtra,Satara,2023-24,Nitrogen,Ganje,291.02079999999995,Medium,280,560,kg/ha,27_494_shc_2023-24.9738
Maharashtra,Satara,2023-24,Nitrogen,Kusumbi,47.66719999999999,Low,280,560,kg/ha,27_494_shc_2023-24.9743
Maharashtra,Satara,2023-24,Nitrogen,Kusumbi,168.08960000000002,Low,280,560,kg/ha,27_494_shc_2023-24.9744
Maharashtra,Satara,2023-24,Nitrogen,Kusumbi,101.60640000000001,Low,280,560,kg/ha,27_494_shc_2023-24.9753
Maharashtra,Satara,2023-24,Nitrogen,Kusumbi,95.3344,Low,280,560,kg/ha,27_494_shc_2023-24.9761
Maharashtra,Satara,2023-24,Nitrogen,Kusumbi,92.8256,Low,280,560,kg/ha,27_494_shc_2023-24.9781
Maharashtra,Satara,2023-24,Nitrogen,Kusumbi,85.29919999999998,Low,280,560,kg/ha,27_494_shc_2023-24.9782
Maharashtra,Satara,2023-24,Nitrogen,Kusumbi,170.5984,Low,280,560,kg/ha,27_494_shc_2023-24.9783
Maharashtra,Satara,2023-24,Nitrogen,Kusumbi,173.1072,Low,280,560,kg/ha,27_494_shc_2023-24.9788
Maharashtra,Satara,2023-24,Nitrogen,Dare kh.,233.32,Low,280,560,kg/ha,27_494_shc_2023-24.3373
Maharashtra,Satara,2023-24,Nitrogen,Dare kh.,180.63,Low,280,560,kg/ha,27_494_shc_2023-24.3375
Maharashtra,Satara,2023-24,Nitrogen,Dare kh.,166.84,Low,280,560,kg/ha,27_494_shc_2023-24.3376
Maharashtra,Satara,2023-24,Nitrogen,Dare kh.,188.16,Low,280,560,kg/ha,27_494_shc_2023-24.3377
Maharashtra,Satara,2023-24,Nitrogen,Dare kh.,171.85,Low,280,560,kg/ha,27_494_shc_2023-24.3380
Maharashtra,Satara,2023-24,Nitrogen,Dare kh.,208.23,Low,280,560,kg/ha,27_494_shc_2023-24.3382
Maharashtra,Satara,2023-24,Nitrogen,Dare kh.,319.87,Medium,280,560,kg/ha,27_494_shc_2023-24.3383
Maharashtra,Satara,2023-24,Nitrogen,Dare kh.,165.58,Low,280,560,kg/ha,27_494_shc_2023-24.3419
Maharashtra,Satara,2023-24,Nitrogen,Dare kh.,91.57,Low,280,560,kg/ha,27_494_shc_2023-24.3599
Maharashtra,Satara,2023-24,Nitrogen,Dare kh.,185.65,Low,280,560,kg/ha,27_494_shc_2023-24.3600
Maharashtra,Satara,2023-24,Nitrogen,Dare kh.,210.74,Low,280,560,kg/ha,27_494_shc_2023-24.3601
Maharashtra,Satara,2023-24,Nitrogen,Dare kh.,141.75,Low,280,560,kg/ha,27_494_shc_2023-24.3602
Maharashtra,Satara,2023-24,Nitrogen,Dare kh.,186.91,Low,280,560,kg/ha,27_494_shc_2023-24.3603
Maharashtra,Satara,2023-24,Nitrogen,Dare kh.,222.03,Low,280,560,kg/ha,27_494_shc_2023-24.3604
Maharashtra,Satara,2023-24,Nitrogen,Dare kh.,193.18,Low,280,560,kg/ha,27_494_shc_2023-24.3609
Maharashtra,Satara,2023-24,Nitrogen,Dare kh.,105.37,Low,280,560,kg/ha,27_494_shc_2023-24.3610
Maharashtra,Satara,2023-24,Nitrogen,Dare kh.,233.32,Low,280,560,kg/ha,27_494_shc_2023-24.3612
Maharashtra,Satara,2023-24,Nitrogen,Dare kh.,209.48,Low,280,560,kg/ha,27_494_shc_2023-24.3631
Maharashtra,Satara,2023-24,Nitrogen,Dare kh.,156.8,Low,280,560,kg/ha,27_494_shc_2023-24.3632
Maharashtra,Satara,2023-24,Nitrogen,Dare kh.,217.01,Low,280,560,kg/ha,27_494_shc_2023-24.3637
Maharashtra,Satara,2023-24,Nitrogen,Dare kh.,235.83,Low,280,560,kg/ha,27_494_shc_2023-24.3638
Maharashtra,Satara,2023-24,Nitrogen,Dare kh.,203.21,Low,280,560,kg/ha,27_494_shc_2023-24.3639
Maharashtra,Satara,2023-24,Nitrogen,Dare kh.,170.6,Low,280,560,kg/ha,27_494_shc_2023-24.3640
Maharashtra,Satara,2023-24,Nitrogen,Dare kh.,169.34,Low,280,560,kg/ha,27_494_shc_2023-24.3641
Maharashtra,Satara,2023-24,Nitrogen,Dare kh.,193.18,Low,280,560,kg/ha,27_494_shc_2023-24.5668
Maharashtra,Satara,2023-24,Nitrogen,Dare kh.,112.9,Low,280,560,kg/ha,27_494_shc_2023-24.6208
Maharashtra,Satara,2023-24,Nitrogen,Dare kh.,201.96,Low,280,560,kg/ha,27_494_shc_2023-24.7005
Maharashtra,Satara,2023-24,Nitrogen,Dare kh.,160.56,Low,280,560,kg/ha,27_494_shc_2023-24.7032
Maharashtra,Satara,2023-24,Nitrogen,Dare kh.,230.81,Low,280,560,kg/ha,27_494_shc_2023-24.7164
Maharashtra,Satara,2023-24,Nitrogen,Dare kh.,132.97,Low,280,560,kg/ha,27_494_shc_2023-24.11709
Maharashtra,Satara,2023-24,Nitrogen,Limb,259.66080000000005,Low,280,560,kg/ha,27_494_shc_2023-24.8505
Maharashtra,Satara,2023-24,Nitrogen,Gove,135.4752,Low,280,560,kg/ha,27_494_shc_2023-24.4781
Maharashtra,Satara,2023-24,Nitrogen,Gove,160.5632,Low,280,560,kg/ha,27_494_shc_2023-24.4785
Maharashtra,Satara,2023-24,Nitrogen,Gove,122.93119999999999,Low,280,560,kg/ha,27_494_shc_2023-24.7253
Maharashtra,Satara,2023-24,Nitrogen,Gove,110.3872,Low,280,560,kg/ha,27_494_shc_2023-24.8650
Maharashtra,Satara,2023-24,Nitrogen,Gove,148.01919999999998,Low,280,560,kg/ha,27_494_shc_2023-24.8674
Maharashtra,Satara,2023-24,Nitrogen,Gove,97.8432,Low,280,560,kg/ha,27_494_shc_2023-24.8678
Maharashtra,Satara,2023-24,Nitrogen,Kinhai,307.33,Medium,280,560,kg/ha,27_494_shc_2023-24.1757
Maharashtra,Satara,2023-24,Nitrogen,Kinhai,227.05,Low,280,560,kg/ha,27_494_shc_2023-24.3796
Maharashtra,Satara,2023-24,Nitrogen,Kinhai,247.12,Low,280,560,kg/ha,27_494_shc_2023-24.3827
Maharashtra,Satara,2023-24,Nitrogen,Pangarkhel,150.528,Low,280,560,kg/ha,27_494_shc_2023-24.1903
Maharashtra,Satara,2023-24,Nitrogen,Pangarkhel,125.44,Low,280,560,kg/ha,27_494_shc_2023-24.1905
Maharashtra,Satara,2023-24,Nitrogen,Pangarkhel,37.632000000000005,Low,280,560,kg/ha,27_494_shc_2023-24.1910
Maharashtra,Satara,2023-24,Nitrogen,Pangarkhel,137.984,Low,280,560,kg/ha,27_494_shc_2023-24.1911
Maharashtra,Satara,2023-24,Nitrogen,Pangarkhel,87.80799999999999,Low,280,560,kg/ha,27_494_shc_2023-24.1913
Maharashtra,Satara,2023-24,Nitrogen,Pangarkhel,188.16000000000003,Low,280,560,kg/ha,27_494_shc_2023-24.1914
Maharashtra,Satara,2023-24,Nitrogen,Pangarkhel,62.72,Low,280,560,kg/ha,27_494_shc_2023-24.1915
Maharashtra,Satara,2023-24,Nitrogen,Rajapur,150.528,Low,280,560,kg/ha,27_494_shc_2023-24.4168
Maharashtra,Satara,2023-24,Nitrogen,Ranshingwadi,112.89600000000002,Low,280,560,kg/ha,27_494_shc_2023-24.4170
Maharashtra,Satara,2023-24,Nitrogen,Rajapur,175.616,Low,280,560,kg/ha,27_494_shc_2023-24.4176
Maharashtra,Satara,2023-24,Nitrogen,Pangarkhel,100.352,Low,280,560,kg/ha,27_494_shc_2023-24.4198
Maharashtra,Satara,2023-24,Nitrogen,Pangarkhel,137.984,Low,280,560,kg/ha,27_494_shc_2023-24.4200
Maharashtra,Satara,2023-24,Nitrogen,Rajapur,137.984,Low,280,560,kg/ha,27_494_shc_2023-24.4201
Maharashtra,Satara,2023-24,Nitrogen,Pangarkhel,225.792,Low,280,560,kg/ha,27_494_shc_2023-24.5844
Maharashtra,Satara,2023-24,Nitrogen,Pangarkhel,62.72,Low,280,560,kg/ha,27_494_shc_2023-24.6603
Maharashtra,Satara,2023-24,Nitrogen,Pangarkhel,150.528,Low,280,560,kg/ha,27_494_shc_2023-24.7281
Maharashtra,Satara,2023-24,Nitrogen,Pangarkhel,200.70399999999998,Low,280,560,kg/ha,27_494_shc_2023-24.7954
Maharashtra,Satara,2023-24,Nitrogen,Pangarkhel,87.80799999999999,Low,280,560,kg/ha,27_494_shc_2023-24.11056
Maharashtra,Satara,2023-24,Nitrogen,Pangarkhel,200.70399999999998,Low,280,560,kg/ha,27_494_shc_2023-24.12131
Maharashtra,Satara,2023-24,Nitrogen,Rule,442.80319999999995,Medium,280,560,kg/ha,27_494_shc_2023-24.8201
Maharashtra,Satara,2023-24,Nitrogen,Alewadi,135.47519999999994,Low,280,560,kg/ha,27_494_shc_2023-24.9366
Maharashtra,Satara,2023-24,Nitrogen,Alewadi,302.31039999999996,Medium,280,560,kg/ha,27_494_shc_2023-24.9367
Maharashtra,Satara,2023-24,Nitrogen,Alewadi,99.09760000000001,Low,280,560,kg/ha,27_494_shc_2023-24.9370
Maharashtra,Satara,2023-24,Nitrogen,Alewadi,299.80159999999995,Medium,280,560,kg/ha,27_494_shc_2023-24.11673
Maharashtra,Satara,2023-24,Nitrogen,Alewadi,114.1504,Low,280,560,kg/ha,27_494_shc_2023-24.11679
Maharashtra,Satara,2023-24,Nitrogen,Jamb,131.712,Low,280,560,kg/ha,27_494_shc_2023-24.1922
Maharashtra,Satara,2023-24,Nitrogen,Jamb,106.62400000000001,Low,280,560,kg/ha,27_494_shc_2023-24.2482
Maharashtra,Satara,2023-24,Nitrogen,Chindhawali,163.072,Low,280,560,kg/ha,27_494_shc_2023-24.2542
Maharashtra,Satara,2023-24,Nitrogen,Chindhawali,175.616,Low,280,560,kg/ha,27_494_shc_2023-24.2547
Maharashtra,Satara,2023-24,Nitrogen,Chindhawali,163.072,Low,280,560,kg/ha,27_494_shc_2023-24.2571
Maharashtra,Satara,2023-24,Nitrogen,Chindhawali,150.528,Low,280,560,kg/ha,27_494_shc_2023-24.2573
Maharashtra,Satara,2023-24,Nitrogen,Jamb,181.888,Low,280,560,kg/ha,27_494_shc_2023-24.3097
Maharashtra,Satara,2023-24,Nitrogen,Jamb,194.432,Low,280,560,kg/ha,27_494_shc_2023-24.3098
Maharashtra,Satara,2023-24,Nitrogen,Jamb,185.6512,Low,280,560,kg/ha,27_494_shc_2023-24.4081
Maharashtra,Satara,2023-24,Nitrogen,Jamb,144.256,Low,280,560,kg/ha,27_494_shc_2023-24.4136
Maharashtra,Satara,2023-24,Nitrogen,Jamb,119.16799999999999,Low,280,560,kg/ha,27_494_shc_2023-24.4137
Maharashtra,Satara,2023-24,Nitrogen,Jamb,94.08,Low,280,560,kg/ha,27_494_shc_2023-24.4138
Maharashtra,Satara,2023-24,Nitrogen,Jamb,119.16799999999999,Low,280,560,kg/ha,27_494_shc_2023-24.4139
Maharashtra,Satara,2023-24,Nitrogen,Jamb,94.08,Low,280,560,kg/ha,27_494_shc_2023-24.4140
Maharashtra,Satara,2023-24,Nitrogen,Jamb,81.53599999999999,Low,280,560,kg/ha,27_494_shc_2023-24.4141
Maharashtra,Satara,2023-24,Nitrogen,Jamb,131.712,Low,280,560,kg/ha,27_494_shc_2023-24.4152
Maharashtra,Satara,2023-24,Nitrogen,Jamb,144.256,Low,280,560,kg/ha,27_494_shc_2023-24.4159
Maharashtra,Satara,2023-24,Nitrogen,Jamb,131.712,Low,280,560,kg/ha,27_494_shc_2023-24.4160
Maharashtra,Satara,2023-24,Nitrogen,Jamb,119.16799999999999,Low,280,560,kg/ha,27_494_shc_2023-24.4162
Maharashtra,Satara,2023-24,Nitrogen,Jamb,144.256,Low,280,560,kg/ha,27_494_shc_2023-24.4163
Maharashtra,Satara,2023-24,Nitrogen,Chindhawali,163.072,Low,280,560,kg/ha,27_494_shc_2023-24.4452
Maharashtra,Satara,2023-24,Nitrogen,Jamb,181.888,Low,280,560,kg/ha,27_494_shc_2023-24.7088
Maharashtra,Satara,2023-24,Nitrogen,Jamb,131.712,Low,280,560,kg/ha,27_494_shc_2023-24.7870
Maharashtra,Satara,2023-24,Nitrogen,Panchwad,119.16799999999999,Low,280,560,kg/ha,27_494_shc_2023-24.12528
Maharashtra,Satara,2023-24,Nitrogen,Panchwad,144.256,Low,280,560,kg/ha,27_494_shc_2023-24.12588
Maharashtra,Satara,2023-24,Nitrogen,Panchwad,156.8,Low,280,560,kg/ha,27_494_shc_2023-24.12593
Maharashtra,Satara,2023-24,Nitrogen,Nagewadi,110.3872,Low,280,560,kg/ha,27_494_shc_2023-24.1462
Maharashtra,Satara,2023-24,Nitrogen,Nagewadi,122.93119999999999,Low,280,560,kg/ha,27_494_shc_2023-24.5621
Maharashtra,Satara,2023-24,Nitrogen,Nagewadi,110.3872,Low,280,560,kg/ha,27_494_shc_2023-24.6985
Maharashtra,Satara,2023-24,Nitrogen,Nagewadi,135.4752,Low,280,560,kg/ha,27_494_shc_2023-24.8257
Maharashtra,Satara,2023-24,Nitrogen,Nagewadi,160.5632,Low,280,560,kg/ha,27_494_shc_2023-24.8268
Maharashtra,Satara,2023-24,Nitrogen,Nagewadi,173.1072,Low,280,560,kg/ha,27_494_shc_2023-24.8269
Maharashtra,Satara,2023-24,Nitrogen,Nagewadi,185.65120000000002,Low,280,560,kg/ha,27_494_shc_2023-24.8271
Maharashtra,Satara,2023-24,Nitrogen,Nagewadi,173.1072,Low,280,560,kg/ha,27_494_shc_2023-24.8301
Maharashtra,Satara,2023-24,Nitrogen,Nagewadi,160.5632,Low,280,560,kg/ha,27_494_shc_2023-24.8302
Maharashtra,Satara,2023-24,Nitrogen,Nagewadi,198.19519999999997,Low,280,560,kg/ha,27_494_shc_2023-24.8304
Maharashtra,Satara,2023-24,Nitrogen,Nagewadi,135.4752,Low,280,560,kg/ha,27_494_shc_2023-24.8336
Maharashtra,Satara,2023-24,Nitrogen,Nagewadi,122.93119999999999,Low,280,560,kg/ha,27_494_shc_2023-24.8337
Maharashtra,Satara,2023-24,Nitrogen,Nagewadi,198.19519999999997,Low,280,560,kg/ha,27_494_shc_2023-24.8360
Maharashtra,Satara,2023-24,Nitrogen,Nagewadi,148.01919999999998,Low,280,560,kg/ha,27_494_shc_2023-24.10841
Maharashtra,Satara,2023-24,Nitrogen,Pargaon,244.608,Low,280,560,kg/ha,27_494_shc_2023-24.10619
Maharashtra,Satara,2023-24,Nitrogen,Pargaon,194.432,Low,280,560,kg/ha,27_494_shc_2023-24.10634
Maharashtra,Satara,2023-24,Nitrogen,Diskal,198.19519999999997,Low,280,560,kg/ha,27_494_shc_2023-24.10635
Maharashtra,Satara,2023-24,Nitrogen,Pargaon,144.256,Low,280,560,kg/ha,27_494_shc_2023-24.10636
Maharashtra,Satara,2023-24,Nitrogen,Karandewadi,219.51999999999998,Low,280,560,kg/ha,27_494_shc_2023-24.10646
Maharashtra,Satara,2023-24,Nitrogen,Pargaon,194.432,Low,280,560,kg/ha,27_494_shc_2023-24.11898
Maharashtra,Satara,2023-24,Nitrogen,Pargaon,156.8,Low,280,560,kg/ha,27_494_shc_2023-24.11901
Maharashtra,Satara,2023-24,Nitrogen,Pargaon,169.344,Low,280,560,kg/ha,27_494_shc_2023-24.11912
Maharashtra,Satara,2023-24,Nitrogen,Diskal,173.1072,Low,280,560,kg/ha,27_494_shc_2023-24.11913
Maharashtra,Satara,2023-24,Nitrogen,Pargaon,169.344,Low,280,560,kg/ha,27_494_shc_2023-24.11919
Maharashtra,Satara,2023-24,Nitrogen,Pargaon,219.51999999999998,Low,280,560,kg/ha,27_494_shc_2023-24.11921
Maharashtra,Satara,2023-24,Nitrogen,Pargaon,144.256,Low,280,560,kg/ha,27_494_shc_2023-24.11923
Maharashtra,Satara,2023-24,Nitrogen,Pargaon,131.712,Low,280,560,kg/ha,27_494_shc_2023-24.11924
Maharashtra,Satara,2023-24,Nitrogen,Pargaon,119.16799999999999,Low,280,560,kg/ha,27_494_shc_2023-24.11925
Maharashtra,Satara,2023-24,Nitrogen,Pargaon,106.62400000000001,Low,280,560,kg/ha,27_494_shc_2023-24.11929
Maharashtra,Satara,2023-24,Nitrogen,Diskal,148.01919999999998,Low,280,560,kg/ha,27_494_shc_2023-24.11937
Maharashtra,Satara,2023-24,Nitrogen,Pargaon,131.712,Low,280,560,kg/ha,27_494_shc_2023-24.11941
Maharashtra,Satara,2023-24,Nitrogen,Diskal,210.73919999999998,Low,280,560,kg/ha,27_494_shc_2023-24.11942
Maharashtra,Satara,2023-24,Nitrogen,Palashi,35.123200000000004,Low,280,560,kg/ha,27_494_shc_2023-24.11943
Maharashtra,Satara,2023-24,Nitrogen,Diskal,160.5632,Low,280,560,kg/ha,27_494_shc_2023-24.11944
Maharashtra,Satara,2023-24,Nitrogen,Karandewadi,119.16799999999999,Low,280,560,kg/ha,27_494_shc_2023-24.11951
Maharashtra,Satara,2023-24,Nitrogen,Diskal,248.37120000000002,Low,280,560,kg/ha,27_494_shc_2023-24.11954
Maharashtra,Satara,2023-24,Nitrogen,Karandewadi,144.256,Low,280,560,kg/ha,27_494_shc_2023-24.11959
Maharashtra,Satara,2023-24,Nitrogen,Karandewadi,169.344,Low,280,560,kg/ha,27_494_shc_2023-24.11965
Maharashtra,Satara,2023-24,Nitrogen,Karandewadi,194.432,Low,280,560,kg/ha,27_494_shc_2023-24.11966
Maharashtra,Satara,2023-24,Nitrogen,Karandewadi,131.712,Low,280,560,kg/ha,27_494_shc_2023-24.11967
Maharashtra,Satara,2023-24,Nitrogen,Pargaon,131.712,Low,280,560,kg/ha,27_494_shc_2023-24.11968
Maharashtra,Satara,2023-24,Nitrogen,Pargaon,119.16799999999999,Low,280,560,kg/ha,27_494_shc_2023-24.11974
Maharashtra,Satara,2023-24,Nitrogen,Diskal,148.01919999999998,Low,280,560,kg/ha,27_494_shc_2023-24.11975
Maharashtra,Satara,2023-24,Nitrogen,Karandewadi,144.256,Low,280,560,kg/ha,27_494_shc_2023-24.11976
Maharashtra,Satara,2023-24,Nitrogen,Karandewadi,206.976,Low,280,560,kg/ha,27_494_shc_2023-24.11981
Maharashtra,Satara,2023-24,Nitrogen,Birwadi,106.62,Low,280,560,kg/ha,27_494_shc_2023-24.1689
Maharashtra,Satara,2023-24,Nitrogen,Birwadi,173.11,Low,280,560,kg/ha,27_494_shc_2023-24.2236
Maharashtra,Satara,2023-24,Nitrogen,Birwadi,139.24,Low,280,560,kg/ha,27_494_shc_2023-24.3840
Maharashtra,Satara,2023-24,Nitrogen,Birwadi,186.91,Low,280,560,kg/ha,27_494_shc_2023-24.4007
Maharashtra,Satara,2023-24,Nitrogen,Birwadi,129.2,Low,280,560,kg/ha,27_494_shc_2023-24.4729
Maharashtra,Satara,2023-24,Nitrogen,Birwadi,204.47,Low,280,560,kg/ha,27_494_shc_2023-24.4730
Maharashtra,Satara,2023-24,Nitrogen,Birwadi,260.92,Low,280,560,kg/ha,27_494_shc_2023-24.4731
Maharashtra,Satara,2023-24,Nitrogen,Birwadi,163.07,Low,280,560,kg/ha,27_494_shc_2023-24.4732
Maharashtra,Satara,2023-24,Nitrogen,Birwadi,237.08,Low,280,560,kg/ha,27_494_shc_2023-24.4733
Maharashtra,Satara,2023-24,Nitrogen,Birwadi,126.69,Low,280,560,kg/ha,27_494_shc_2023-24.4734
Maharashtra,Satara,2023-24,Nitrogen,Birwadi,361.27,Medium,280,560,kg/ha,27_494_shc_2023-24.4735
Maharashtra,Satara,2023-24,Nitrogen,Birwadi,239.59,Low,280,560,kg/ha,27_494_shc_2023-24.4737
Maharashtra,Satara,2023-24,Nitrogen,Birwadi,255.9,Low,280,560,kg/ha,27_494_shc_2023-24.4738
Maharashtra,Satara,2023-24,Nitrogen,Birwadi,304.82,Medium,280,560,kg/ha,27_494_shc_2023-24.4739
Maharashtra,Satara,2023-24,Nitrogen,Birwadi,188.16,Low,280,560,kg/ha,27_494_shc_2023-24.4740
Maharashtra,Satara,2023-24,Nitrogen,Birwadi,121.68,Low,280,560,kg/ha,27_494_shc_2023-24.4741
Maharashtra,Satara,2023-24,Nitrogen,Birwadi,183.14,Low,280,560,kg/ha,27_494_shc_2023-24.4742
Maharashtra,Satara,2023-24,Nitrogen,Birwadi,269.7,Low,280,560,kg/ha,27_494_shc_2023-24.4743
Maharashtra,Satara,2023-24,Nitrogen,Birwadi,163.07,Low,280,560,kg/ha,27_494_shc_2023-24.4749
Maharashtra,Satara,2023-24,Nitrogen,Birwadi,227.05,Low,280,560,kg/ha,27_494_shc_2023-24.4754
Maharashtra,Satara,2023-24,Nitrogen,Birwadi,119.17,Low,280,560,kg/ha,27_494_shc_2023-24.4755
Maharashtra,Satara,2023-24,Nitrogen,Birwadi,120.42,Low,280,560,kg/ha,27_494_shc_2023-24.4756
Maharashtra,Satara,2023-24,Nitrogen,Birwadi,135.48,Low,280,560,kg/ha,27_494_shc_2023-24.4757
Maharashtra,Satara,2023-24,Nitrogen,Birwadi,272.2,Low,280,560,kg/ha,27_494_shc_2023-24.4758
Maharashtra,Satara,2023-24,Nitrogen,Birwadi,287.26,Medium,280,560,kg/ha,27_494_shc_2023-24.4759
Maharashtra,Satara,2023-24,Nitrogen,Birwadi,184.4,Low,280,560,kg/ha,27_494_shc_2023-24.4760
Maharashtra,Satara,2023-24,Nitrogen,Birwadi,132.97,Low,280,560,kg/ha,27_494_shc_2023-24.4761
Maharashtra,Satara,2023-24,Nitrogen,Birwadi,137.98,Low,280,560,kg/ha,27_494_shc_2023-24.4762
Maharashtra,Satara,2023-24,Nitrogen,Birwadi,215.76,Low,280,560,kg/ha,27_494_shc_2023-24.4763
Maharashtra,Satara,2023-24,Nitrogen,Birwadi,151.78,Low,280,560,kg/ha,27_494_shc_2023-24.4764
Maharashtra,Satara,2023-24,Nitrogen,Birwadi,190.67,Low,280,560,kg/ha,27_494_shc_2023-24.4765
Maharashtra,Satara,2023-24,Nitrogen,Birwadi,151.78,Low,280,560,kg/ha,27_494_shc_2023-24.4766
Maharashtra,Satara,2023-24,Nitrogen,Birwadi,237.08,Low,280,560,kg/ha,27_494_shc_2023-24.4767
Maharashtra,Satara,2023-24,Nitrogen,Birwadi,205.72,Low,280,560,kg/ha,27_494_shc_2023-24.4768
Maharashtra,Satara,2023-24,Nitrogen,Birwadi,155.55,Low,280,560,kg/ha,27_494_shc_2023-24.4769
Maharashtra,Satara,2023-24,Nitrogen,Birwadi,205.72,Low,280,560,kg/ha,27_494_shc_2023-24.4770
Maharashtra,Satara,2023-24,Nitrogen,Birwadi,214.5,Low,280,560,kg/ha,27_494_shc_2023-24.4771
Maharashtra,Satara,2023-24,Nitrogen,Birwadi,204.47,Low,280,560,kg/ha,27_494_shc_2023-24.4772
Maharashtra,Satara,2023-24,Nitrogen,Birwadi,146.76,Low,280,560,kg/ha,27_494_shc_2023-24.4773
Maharashtra,Satara,2023-24,Nitrogen,Birwadi,233.32,Low,280,560,kg/ha,27_494_shc_2023-24.4774
Maharashtra,Satara,2023-24,Nitrogen,Birwadi,155.55,Low,280,560,kg/ha,27_494_shc_2023-24.4980
Maharashtra,Satara,2023-24,Nitrogen,Birwadi,196.94,Low,280,560,kg/ha,27_494_shc_2023-24.4981
Maharashtra,Satara,2023-24,Nitrogen,Birwadi,160.56,Low,280,560,kg/ha,27_494_shc_2023-24.5529
Maharashtra,Satara,2023-24,Nitrogen,Birwadi,199.45,Low,280,560,kg/ha,27_494_shc_2023-24.6216
Maharashtra,Satara,2023-24,Nitrogen,Birwadi,156.8,Low,280,560,kg/ha,27_494_shc_2023-24.7855
Maharashtra,Satara,2023-24,Nitrogen,Bahule,155.54559999999998,Low,280,560,kg/ha,27_494_shc_2023-24.9880
Maharashtra,Satara,2023-24,Nitrogen,Bahule,165.13,Low,280,560,kg/ha,27_494_shc_2023-24.9908
Maharashtra,Satara,2023-24,Nitrogen,Varoshi,165.5808,Low,280,560,kg/ha,27_494_shc_2023-24.10411
Maharashtra,Satara,2023-24,Nitrogen,Varoshi,215.7568,Low,280,560,kg/ha,27_494_shc_2023-24.10412
Maharashtra,Satara,2023-24,Nitrogen,Kedambe,206.97600000000003,Low,280,560,kg/ha,27_494_shc_2023-24.11273
Maharashtra,Satara,2023-24,Nitrogen,Kedambe,180.6336,Low,280,560,kg/ha,27_494_shc_2023-24.11287
Maharashtra,Satara,2023-24,Nitrogen,Bahule,161.8176,Low,280,560,kg/ha,27_494_shc_2023-24.11322
Maharashtra,Satara,2023-24,Nitrogen,Kedambe,254.64320000000004,Low,280,560,kg/ha,27_494_shc_2023-24.11328
Maharashtra,Satara,2023-24,Nitrogen,Varoshi,136.7296,Low,280,560,kg/ha,27_494_shc_2023-24.11830
Maharashtra,Satara,2023-24,Nitrogen,Varoshi,204.46720000000002,Low,280,560,kg/ha,27_494_shc_2023-24.11831
Maharashtra,Satara,2023-24,Nitrogen,Varoshi,151.78240000000002,Low,280,560,kg/ha,27_494_shc_2023-24.11832
Maharashtra,Satara,2023-24,Nitrogen,Varoshi,148.01919999999998,Low,280,560,kg/ha,27_494_shc_2023-24.11838
Maharashtra,Satara,2023-24,Nitrogen,Varoshi,158.0544,Low,280,560,kg/ha,27_494_shc_2023-24.11839
Maharashtra,Satara,2023-24,Nitrogen,Varoshi,121.6768,Low,280,560,kg/ha,27_494_shc_2023-24.11840
Maharashtra,Satara,2023-24,Nitrogen,Varoshi,120.4224,Low,280,560,kg/ha,27_494_shc_2023-24.11841
Maharashtra,Satara,2023-24,Nitrogen,Varoshi,95.3344,Low,280,560,kg/ha,27_494_shc_2023-24.11842
Maharashtra,Satara,2023-24,Nitrogen,Varoshi,145.51039999999998,Low,280,560,kg/ha,27_494_shc_2023-24.11843
Maharashtra,Satara,2023-24,Nitrogen,Varoshi,156.79999999999998,Low,280,560,kg/ha,27_494_shc_2023-24.11844
Maharashtra,Satara,2023-24,Nitrogen,Varoshi,191.9232,Low,280,560,kg/ha,27_494_shc_2023-24.11845
Maharashtra,Satara,2023-24,Nitrogen,Varoshi,173.1072,Low,280,560,kg/ha,27_494_shc_2023-24.11846
Maharashtra,Satara,2023-24,Nitrogen,Varoshi,175.616,Low,280,560,kg/ha,27_494_shc_2023-24.11849
Maharashtra,Satara,2023-24,Nitrogen,Varoshi,146.7648,Low,280,560,kg/ha,27_494_shc_2023-24.11850
Maharashtra,Satara,2023-24,Nitrogen,Varoshi,76.51840000000001,Low,280,560,kg/ha,27_494_shc_2023-24.11864
Maharashtra,Satara,2023-24,Nitrogen,Varoshi,159.30879999999996,Low,280,560,kg/ha,27_494_shc_2023-24.11865
Maharashtra,Satara,2023-24,Nitrogen,Varoshi,181.888,Low,280,560,kg/ha,27_494_shc_2023-24.11866
Maharashtra,Satara,2023-24,Nitrogen,Varoshi,228.3008,Low,280,560,kg/ha,27_494_shc_2023-24.11870
Maharashtra,Satara,2023-24,Nitrogen,Varoshi,127.94879999999998,Low,280,560,kg/ha,27_494_shc_2023-24.11871
Maharashtra,Satara,2023-24,Nitrogen,Varoshi,179.3792,Low,280,560,kg/ha,27_494_shc_2023-24.11872
Maharashtra,Satara,2023-24,Nitrogen,Varoshi,161.81759999999997,Low,280,560,kg/ha,27_494_shc_2023-24.11873
Maharashtra,Satara,2023-24,Nitrogen,Varoshi,195.68639999999996,Low,280,560,kg/ha,27_494_shc_2023-24.11874
Maharashtra,Satara,2023-24,Nitrogen,Varoshi,171.85279999999997,Low,280,560,kg/ha,27_494_shc_2023-24.11875
Maharashtra,Satara,2023-24,Nitrogen,Pimpali,178.12,Low,280,560,kg/ha,27_494_shc_2023-24.1734
Maharashtra,Satara,2023-24,Nitrogen,Pimpali,161.82,Low,280,560,kg/ha,27_494_shc_2023-24.2966
Maharashtra,Satara,2023-24,Nitrogen,Pimpali,179.38,Low,280,560,kg/ha,27_494_shc_2023-24.2967
Maharashtra,Satara,2023-24,Nitrogen,Pimpali,203.21,Low,280,560,kg/ha,27_494_shc_2023-24.2968
Maharashtra,Satara,2023-24,Nitrogen,Pimpali,90.32,Low,280,560,kg/ha,27_494_shc_2023-24.2970
Maharashtra,Satara,2023-24,Nitrogen,Pimpali,107.88,Low,280,560,kg/ha,27_494_shc_2023-24.2972
Maharashtra,Satara,2023-24,Nitrogen,Pimpali,206.98,Low,280,560,kg/ha,27_494_shc_2023-24.2973
Maharashtra,Satara,2023-24,Nitrogen,Pimpali,215.76,Low,280,560,kg/ha,27_494_shc_2023-24.2975
Maharashtra,Satara,2023-24,Nitrogen,Pimpali,170.6,Low,280,560,kg/ha,27_494_shc_2023-24.2977
Maharashtra,Satara,2023-24,Nitrogen,Pimpali,199.45,Low,280,560,kg/ha,27_494_shc_2023-24.2979
Maharashtra,Satara,2023-24,Nitrogen,Pimpali,140.49,Low,280,560,kg/ha,27_494_shc_2023-24.2980
Maharashtra,Satara,2023-24,Nitrogen,Pimpali,130.46,Low,280,560,kg/ha,27_494_shc_2023-24.2981
Maharashtra,Satara,2023-24,Nitrogen,Pimpali,122.93,Low,280,560,kg/ha,27_494_shc_2023-24.2982
Maharashtra,Satara,2023-24,Nitrogen,Pimpali,209.48,Low,280,560,kg/ha,27_494_shc_2023-24.2983
Maharashtra,Satara,2023-24,Nitrogen,Pimpali,178.12,Low,280,560,kg/ha,27_494_shc_2023-24.2985
Maharashtra,Satara,2023-24,Nitrogen,Pimpali,198.2,Low,280,560,kg/ha,27_494_shc_2023-24.2987
Maharashtra,Satara,2023-24,Nitrogen,Pimpali,194.43,Low,280,560,kg/ha,27_494_shc_2023-24.2988
Maharashtra,Satara,2023-24,Nitrogen,Pimpali,193.18,Low,280,560,kg/ha,27_494_shc_2023-24.2989
Maharashtra,Satara,2023-24,Nitrogen,Pimpali,151.78,Low,280,560,kg/ha,27_494_shc_2023-24.2990
Maharashtra,Satara,2023-24,Nitrogen,Pimpali,244.61,Low,280,560,kg/ha,27_494_shc_2023-24.2992
Maharashtra,Satara,2023-24,Nitrogen,Pimpali,185.65,Low,280,560,kg/ha,27_494_shc_2023-24.2993
Maharashtra,Satara,2023-24,Nitrogen,Pimpali,175.62,Low,280,560,kg/ha,27_494_shc_2023-24.2994
Maharashtra,Satara,2023-24,Nitrogen,Pimpali,156.8,Low,280,560,kg/ha,27_494_shc_2023-24.2995
Maharashtra,Satara,2023-24,Nitrogen,Pimpali,183.14,Low,280,560,kg/ha,27_494_shc_2023-24.2997
Maharashtra,Satara,2023-24,Nitrogen,Pimpali,171.85,Low,280,560,kg/ha,27_494_shc_2023-24.2998
Maharashtra,Satara,2023-24,Nitrogen,Pimpali,189.41,Low,280,560,kg/ha,27_494_shc_2023-24.2999
Maharashtra,Satara,2023-24,Nitrogen,Pimpali,119.17,Low,280,560,kg/ha,27_494_shc_2023-24.3000
Maharashtra,Satara,2023-24,Nitrogen,Pimpali,205.72,Low,280,560,kg/ha,27_494_shc_2023-24.3001
Maharashtra,Satara,2023-24,Nitrogen,Pimpali,169.34,Low,280,560,kg/ha,27_494_shc_2023-24.4697
Maharashtra,Satara,2023-24,Nitrogen,Pimpali,191.92,Low,280,560,kg/ha,27_494_shc_2023-24.4861
Maharashtra,Satara,2023-24,Nitrogen,Pimpali,158.05,Low,280,560,kg/ha,27_494_shc_2023-24.4985
Maharashtra,Satara,2023-24,Nitrogen,Pimpali,174.36,Low,280,560,kg/ha,27_494_shc_2023-24.5522
Maharashtra,Satara,2023-24,Nitrogen,Pimpali,112.9,Low,280,560,kg/ha,27_494_shc_2023-24.6863
Maharashtra,Satara,2023-24,Nitrogen,Pimpali,156.8,Low,280,560,kg/ha,27_494_shc_2023-24.7052
Maharashtra,Satara,2023-24,Nitrogen,Pimpali,196.94,Low,280,560,kg/ha,27_494_shc_2023-24.8673
Maharashtra,Satara,2023-24,Nitrogen,Kadegaon,112.89600000000002,Low,280,560,kg/ha,27_494_shc_2023-24.12468
Maharashtra,Satara,2023-24,Nitrogen,Kadegaon,188.16000000000003,Low,280,560,kg/ha,27_494_shc_2023-24.12470
Maharashtra,Satara,2023-24,Nitrogen,Kadegaon,125.44,Low,280,560,kg/ha,27_494_shc_2023-24.12472
Maharashtra,Satara,2023-24,Nitrogen,Kadegaon,137.984,Low,280,560,kg/ha,27_494_shc_2023-24.12474
Maharashtra,Satara,2023-24,Nitrogen,Anavadi,122.93119999999999,Low,280,560,kg/ha,27_494_shc_2023-24.1536
Maharashtra,Satara,2023-24,Nitrogen,Menavali,421.48,Medium,280,560,kg/ha,27_494_shc_2023-24.1590
Maharashtra,Satara,2023-24,Nitrogen,Bhogaon,185.65120000000002,Low,280,560,kg/ha,27_494_shc_2023-24.3338
Maharashtra,Satara,2023-24,Nitrogen,Pandewadi,160.5632,Low,280,560,kg/ha,27_494_shc_2023-24.3351
Maharashtra,Satara,2023-24,Nitrogen,Menavali,273.46,Low,280,560,kg/ha,27_494_shc_2023-24.3565
Maharashtra,Satara,2023-24,Nitrogen,Pandewadi,122.93119999999999,Low,280,560,kg/ha,27_494_shc_2023-24.4470
Maharashtra,Satara,2023-24,Nitrogen,Washivali,137.98399999999998,Low,280,560,kg/ha,27_494_shc_2023-24.8443
Maharashtra,Satara,2023-24,Nitrogen,Washivali,106.62399999999998,Low,280,560,kg/ha,27_494_shc_2023-24.11418
Maharashtra,Satara,2023-24,Nitrogen,Songirwadi,150.528,Low,280,560,kg/ha,27_494_shc_2023-24.4875
Maharashtra,Satara,2023-24,Nitrogen,Songirwadi,100.352,Low,280,560,kg/ha,27_494_shc_2023-24.4876
Maharashtra,Satara,2023-24,Nitrogen,Songirwadi,87.80799999999999,Low,280,560,kg/ha,27_494_shc_2023-24.4882
Maharashtra,Satara,2023-24,Nitrogen,Songirwadi,163.072,Low,280,560,kg/ha,27_494_shc_2023-24.4883
Maharashtra,Satara,2023-24,Nitrogen,Songirwadi,75.26400000000001,Low,280,560,kg/ha,27_494_shc_2023-24.4884
Maharashtra,Satara,2023-24,Nitrogen,Songirwadi,175.616,Low,280,560,kg/ha,27_494_shc_2023-24.4885
Maharashtra,Satara,2023-24,Nitrogen,Khavali,99.09759999999999,Low,280,560,kg/ha,27_494_shc_2023-24.11740
Maharashtra,Satara,2023-24,Nitrogen,Ozarde,278.48,Low,280,560,kg/ha,27_494_shc_2023-24.1704
Maharashtra,Satara,2023-24,Nitrogen,Bopegaon,85.29919999999998,Low,280,560,kg/ha,27_494_shc_2023-24.3442
Maharashtra,Satara,2023-24,Nitrogen,Bopegaon,148.01919999999998,Low,280,560,kg/ha,27_494_shc_2023-24.3443
Maharashtra,Satara,2023-24,Nitrogen,Ozarde,196.94,Low,280,560,kg/ha,27_494_shc_2023-24.3683
Maharashtra,Satara,2023-24,Nitrogen,Shendurjane,112.89600000000002,Low,280,560,kg/ha,27_494_shc_2023-24.4825
Maharashtra,Satara,2023-24,Nitrogen,Shendurjane,163.072,Low,280,560,kg/ha,27_494_shc_2023-24.4867
Maharashtra,Satara,2023-24,Nitrogen,Kadegaon,163.072,Low,280,560,kg/ha,27_494_shc_2023-24.12466
Maharashtra,Satara,2023-24,Nitrogen,Wai (Rural),85.29919999999998,Low,280,560,kg/ha,27_494_shc_2023-24.12489
Maharashtra,Satara,2023-24,Nitrogen,Vyajawadi,125.44,Low,280,560,kg/ha,27_494_shc_2023-24.12497
Maharashtra,Satara,2023-24,Nitrogen,Wai (Rural),85.29919999999998,Low,280,560,kg/ha,27_494_shc_2023-24.12500
Maharashtra,Satara,2023-24,Nitrogen,Wai (Rural),160.5632,Low,280,560,kg/ha,27_494_shc_2023-24.12508
Maharashtra,Satara,2023-24,Nitrogen,Wai (Rural),122.93119999999999,Low,280,560,kg/ha,27_494_shc_2023-24.12509
Maharashtra,Satara,2023-24,Nitrogen,Wai (Rural),173.1072,Low,280,560,kg/ha,27_494_shc_2023-24.12516
Maharashtra,Satara,2023-24,Nitrogen,Wai (Rural),198.19519999999997,Low,280,560,kg/ha,27_494_shc_2023-24.12517
Maharashtra,Satara,2023-24,Nitrogen,Wai (Rural),85.29919999999998,Low,280,560,kg/ha,27_494_shc_2023-24.12518
Maharashtra,Satara,2023-24,Nitrogen,Wai (Rural),122.93119999999999,Low,280,560,kg/ha,27_494_shc_2023-24.12522
Maharashtra,Satara,2023-24,Nitrogen,Wai (Rural),198.19519999999997,Low,280,560,kg/ha,27_494_shc_2023-24.12524
Maharashtra,Satara,2023-24,Nitrogen,Wai (Rural),160.5632,Low,280,560,kg/ha,27_494_shc_2023-24.12566
Maharashtra,Satara,2023-24,Nitrogen,Vyajawadi,150.528,Low,280,560,kg/ha,27_494_shc_2023-24.12634
Maharashtra,Satara,2023-24,Nitrogen,Vahagaon,134.2208,Low,280,560,kg/ha,27_494_shc_2023-24.3537
Maharashtra,Satara,2023-24,Nitrogen,Kawathe,148.01919999999998,Low,280,560,kg/ha,27_494_shc_2023-24.4500
Maharashtra,Satara,2023-24,Nitrogen,Kawathe,110.3872,Low,280,560,kg/ha,27_494_shc_2023-24.4509
Maharashtra,Satara,2023-24,Nitrogen,Kawathe,160.5632,Low,280,560,kg/ha,27_494_shc_2023-24.4514
Maharashtra,Satara,2023-24,Nitrogen,Kawathe,122.93119999999999,Low,280,560,kg/ha,27_494_shc_2023-24.4515
Maharashtra,Satara,2023-24,Nitrogen,Kawathe,110.3872,Low,280,560,kg/ha,27_494_shc_2023-24.4518
Maharashtra,Satara,2023-24,Nitrogen,Kawathe,135.4752,Low,280,560,kg/ha,27_494_shc_2023-24.4535
Maharashtra,Satara,2023-24,Nitrogen,Kawathe,110.3872,Low,280,560,kg/ha,27_494_shc_2023-24.6960
Maharashtra,Satara,2023-24,Nitrogen,Kawathe,135.4752,Low,280,560,kg/ha,27_494_shc_2023-24.7180
Maharashtra,Satara,2023-24,Nitrogen,Kawathe,122.93119999999999,Low,280,560,kg/ha,27_494_shc_2023-24.8242
Maharashtra,Satara,2023-24,Nitrogen,Vahagaon,134.2208,Low,280,560,kg/ha,27_494_shc_2023-24.9343
Maharashtra,Satara,2023-24,Nitrogen,Vahagaon,456.6016000000001,Medium,280,560,kg/ha,27_494_shc_2023-24.9363
Maharashtra,Satara,2023-24,Nitrogen,Khavali,86.5536,Low,280,560,kg/ha,27_494_shc_2023-24.10808
Maharashtra,Satara,2023-24,Nitrogen,Khavali,131.712,Low,280,560,kg/ha,27_494_shc_2023-24.10813
Maharashtra,Satara,2023-24,Nitrogen,Khavali,181.888,Low,280,560,kg/ha,27_494_shc_2023-24.10814
Maharashtra,Satara,2023-24,Nitrogen,Vyajawadi,137.984,Low,280,560,kg/ha,27_494_shc_2023-24.12494
Maharashtra,Satara,2023-24,Nitrogen,Vyajawadi,137.984,Low,280,560,kg/ha,27_494_shc_2023-24.12506
Maharashtra,Satara,2023-24,Nitrogen,Adarki Bk.,169.344,Low,280,560,kg/ha,27_494_shc_2023-24.11161
Maharashtra,Satara,2023-24,Nitrogen,Adarki Bk.,131.712,Low,280,560,kg/ha,27_494_shc_2023-24.11175
Maharashtra,Satara,2023-24,Nitrogen,Ghadgewadi,255.9,Low,280,560,kg/ha,27_494_shc_2023-24.1679
Maharashtra,Satara,2023-24,Nitrogen,Ghadgewadi,248.37,Low,280,560,kg/ha,27_494_shc_2023-24.2877
Maharashtra,Satara,2023-24,Nitrogen,Ghadgewadi,258.41,Low,280,560,kg/ha,27_494_shc_2023-24.2878
Maharashtra,Satara,2023-24,Nitrogen,Ghadgewadi,286.0,Medium,280,560,kg/ha,27_494_shc_2023-24.2880
Maharashtra,Satara,2023-24,Nitrogen,Ghadgewadi,247.12,Low,280,560,kg/ha,27_494_shc_2023-24.2882
Maharashtra,Satara,2023-24,Nitrogen,Ghadgewadi,303.56,Medium,280,560,kg/ha,27_494_shc_2023-24.2929
Maharashtra,Satara,2023-24,Nitrogen,Ghadgewadi,195.69,Low,280,560,kg/ha,27_494_shc_2023-24.2931
Maharashtra,Satara,2023-24,Nitrogen,Ghadgewadi,233.32,Low,280,560,kg/ha,27_494_shc_2023-24.2932
Maharashtra,Satara,2023-24,Nitrogen,Ghadgewadi,355.0,Medium,280,560,kg/ha,27_494_shc_2023-24.3333
Maharashtra,Satara,2023-24,Nitrogen,Ghadgewadi,292.28,Medium,280,560,kg/ha,27_494_shc_2023-24.4619
Maharashtra,Satara,2023-24,Nitrogen,Ghadgewadi,248.37,Low,280,560,kg/ha,27_494_shc_2023-24.4621
Maharashtra,Satara,2023-24,Nitrogen,Ghadgewadi,229.56,Low,280,560,kg/ha,27_494_shc_2023-24.4622
Maharashtra,Satara,2023-24,Nitrogen,Ghadgewadi,321.13,Medium,280,560,kg/ha,27_494_shc_2023-24.4623
Maharashtra,Satara,2023-24,Nitrogen,Ghadgewadi,240.84,Low,280,560,kg/ha,27_494_shc_2023-24.4624
Maharashtra,Satara,2023-24,Nitrogen,Ghadgewadi,324.89,Medium,280,560,kg/ha,27_494_shc_2023-24.4629
Maharashtra,Satara,2023-24,Nitrogen,Ghadgewadi,230.81,Low,280,560,kg/ha,27_494_shc_2023-24.4630
Maharashtra,Satara,2023-24,Nitrogen,Ghadgewadi,237.08,Low,280,560,kg/ha,27_494_shc_2023-24.6541
Maharashtra,Satara,2023-24,Nitrogen,Ghadgewadi,298.55,Medium,280,560,kg/ha,27_494_shc_2023-24.6758
Maharashtra,Satara,2023-24,Nitrogen,Ghadgewadi,232.06,Low,280,560,kg/ha,27_494_shc_2023-24.7008
Maharashtra,Satara,2023-24,Nitrogen,Ghadgewadi,243.35,Low,280,560,kg/ha,27_494_shc_2023-24.8095
Maharashtra,Satara,2023-24,Nitrogen,Ghadgewadi,223.28,Low,280,560,kg/ha,27_494_shc_2023-24.9021
Maharashtra,Satara,2023-24,Nitrogen,Malvadi,148.01919999999998,Low,280,560,kg/ha,27_494_shc_2023-24.11188
Maharashtra,Satara,2023-24,Nitrogen,Malvadi,160.5632,Low,280,560,kg/ha,27_494_shc_2023-24.11205
Maharashtra,Satara,2023-24,Nitrogen,Malvadi,85.29919999999998,Low,280,560,kg/ha,27_494_shc_2023-24.11216
Maharashtra,Satara,2023-24,Nitrogen,Malvadi,97.8432,Low,280,560,kg/ha,27_494_shc_2023-24.11217
Maharashtra,Satara,2023-24,Nitrogen,Malvadi,135.4752,Low,280,560,kg/ha,27_494_shc_2023-24.11236
Maharashtra,Satara,2023-24,Nitrogen,Vasole,148.01919999999998,Low,280,560,kg/ha,27_494_shc_2023-24.7169
Maharashtra,Satara,2023-24,Nitrogen,Asare,370.05,Medium,280,560,kg/ha,27_494_shc_2023-24.2035
Maharashtra,Satara,2023-24,Nitrogen,Asare,481.69,Medium,280,560,kg/ha,27_494_shc_2023-24.2564
Maharashtra,Satara,2023-24,Nitrogen,Asare,432.77,Medium,280,560,kg/ha,27_494_shc_2023-24.2689
Maharashtra,Satara,2023-24,Nitrogen,Asare,446.57,Medium,280,560,kg/ha,27_494_shc_2023-24.2690
Maharashtra,Satara,2023-24,Nitrogen,Asare,387.61,Medium,280,560,kg/ha,27_494_shc_2023-24.2692
Maharashtra,Satara,2023-24,Nitrogen,Asare,255.9,Low,280,560,kg/ha,27_494_shc_2023-24.2693
Maharashtra,Satara,2023-24,Nitrogen,Asare,247.12,Low,280,560,kg/ha,27_494_shc_2023-24.2694
Maharashtra,Satara,2023-24,Nitrogen,Asare,378.83,Medium,280,560,kg/ha,27_494_shc_2023-24.2695
Maharashtra,Satara,2023-24,Nitrogen,Asare,218.27,Low,280,560,kg/ha,27_494_shc_2023-24.2699
Maharashtra,Satara,2023-24,Nitrogen,Asare,279.73,Low,280,560,kg/ha,27_494_shc_2023-24.2710
Maharashtra,Satara,2023-24,Nitrogen,Asare,250.88,Low,280,560,kg/ha,27_494_shc_2023-24.2711
Maharashtra,Satara,2023-24,Nitrogen,Asare,437.79,Medium,280,560,kg/ha,27_494_shc_2023-24.2713
Maharashtra,Satara,2023-24,Nitrogen,Asare,326.14,Medium,280,560,kg/ha,27_494_shc_2023-24.2715
Maharashtra,Satara,2023-24,Nitrogen,Asare,223.28,Low,280,560,kg/ha,27_494_shc_2023-24.2717
Maharashtra,Satara,2023-24,Nitrogen,Asare,268.44,Low,280,560,kg/ha,27_494_shc_2023-24.2718
Maharashtra,Satara,2023-24,Nitrogen,Asare,447.82,Medium,280,560,kg/ha,27_494_shc_2023-24.2719
Maharashtra,Satara,2023-24,Nitrogen,Asare,220.77,Low,280,560,kg/ha,27_494_shc_2023-24.2720
Maharashtra,Satara,2023-24,Nitrogen,Asare,234.57,Low,280,560,kg/ha,27_494_shc_2023-24.2721
Maharashtra,Satara,2023-24,Nitrogen,Asare,257.15,Low,280,560,kg/ha,27_494_shc_2023-24.2722
Maharashtra,Satara,2023-24,Nitrogen,Asare,317.36,Medium,280,560,kg/ha,27_494_shc_2023-24.2723
Maharashtra,Satara,2023-24,Nitrogen,Asare,249.63,Low,280,560,kg/ha,27_494_shc_2023-24.2724
Maharashtra,Satara,2023-24,Nitrogen,Asare,247.12,Low,280,560,kg/ha,27_494_shc_2023-24.2725
Maharashtra,Satara,2023-24,Nitrogen,Asare,309.84,Medium,280,560,kg/ha,27_494_shc_2023-24.2726
Maharashtra,Satara,2023-24,Nitrogen,Asare,230.81,Low,280,560,kg/ha,27_494_shc_2023-24.2727
Maharashtra,Satara,2023-24,Nitrogen,Asare,219.52,Low,280,560,kg/ha,27_494_shc_2023-24.2728
Maharashtra,Satara,2023-24,Nitrogen,Asare,201.96,Low,280,560,kg/ha,27_494_shc_2023-24.2733
Maharashtra,Satara,2023-24,Nitrogen,Asare,235.83,Low,280,560,kg/ha,27_494_shc_2023-24.2736
Maharashtra,Satara,2023-24,Nitrogen,Asare,214.5,Low,280,560,kg/ha,27_494_shc_2023-24.2737
Maharashtra,Satara,2023-24,Nitrogen,Asare,230.81,Low,280,560,kg/ha,27_494_shc_2023-24.2738
Maharashtra,Satara,2023-24,Nitrogen,Asare,373.81,Medium,280,560,kg/ha,27_494_shc_2023-24.2742
Maharashtra,Satara,2023-24,Nitrogen,Asare,204.47,Low,280,560,kg/ha,27_494_shc_2023-24.2744
Maharashtra,Satara,2023-24,Nitrogen,Asare,223.28,Low,280,560,kg/ha,27_494_shc_2023-24.2746
Maharashtra,Satara,2023-24,Nitrogen,Asare,334.92,Medium,280,560,kg/ha,27_494_shc_2023-24.2748
Maharashtra,Satara,2023-24,Nitrogen,Asare,260.92,Low,280,560,kg/ha,27_494_shc_2023-24.2749
Maharashtra,Satara,2023-24,Nitrogen,Asare,267.19,Low,280,560,kg/ha,27_494_shc_2023-24.2750
Maharashtra,Satara,2023-24,Nitrogen,Asare,270.95,Low,280,560,kg/ha,27_494_shc_2023-24.2751
Maharashtra,Satara,2023-24,Nitrogen,Asare,307.33,Medium,280,560,kg/ha,27_494_shc_2023-24.3315
Maharashtra,Satara,2023-24,Nitrogen,Asare,94.08,Low,280,560,kg/ha,27_494_shc_2023-24.4441
Maharashtra,Satara,2023-24,Nitrogen,Asare,240.84,Low,280,560,kg/ha,27_494_shc_2023-24.5315
Maharashtra,Satara,2023-24,Nitrogen,Asare,375.07,Medium,280,560,kg/ha,27_494_shc_2023-24.5636
Maharashtra,Satara,2023-24,Nitrogen,Asare,322.38,Medium,280,560,kg/ha,27_494_shc_2023-24.6635
Maharashtra,Satara,2023-24,Nitrogen,Asare,233.32,Low,280,560,kg/ha,27_494_shc_2023-24.7131
Maharashtra,Satara,2023-24,Nitrogen,Asare,343.71,Medium,280,560,kg/ha,27_494_shc_2023-24.7344
Maharashtra,Satara,2023-24,Nitrogen,Asare,319.87,Medium,280,560,kg/ha,27_494_shc_2023-24.7350
Maharashtra,Satara,2023-24,Nitrogen,Asare,296.04,Medium,280,560,kg/ha,27_494_shc_2023-24.8366
Maharashtra,Satara,2023-24,Nitrogen,Asare,339.94,Medium,280,560,kg/ha,27_494_shc_2023-24.11722
Maharashtra,Satara,2023-24,Nitrogen,Dhom,156.8,Low,280,560,kg/ha,27_494_shc_2023-24.6739
Maharashtra,Satara,2023-24,Nitrogen,Bopardi,204.47,Low,280,560,kg/ha,27_494_shc_2023-24.2526
Maharashtra,Satara,2023-24,Nitrogen,Bopardi,213.25,Low,280,560,kg/ha,27_494_shc_2023-24.2595
Maharashtra,Satara,2023-24,Nitrogen,Bopardi,252.13,Low,280,560,kg/ha,27_494_shc_2023-24.2602
Maharashtra,Satara,2023-24,Nitrogen,Bopardi,215.76,Low,280,560,kg/ha,27_494_shc_2023-24.2603
Maharashtra,Satara,2023-24,Nitrogen,Bopardi,313.6,Medium,280,560,kg/ha,27_494_shc_2023-24.2696
Maharashtra,Satara,2023-24,Nitrogen,Bopardi,265.93,Low,280,560,kg/ha,27_494_shc_2023-24.2739
Maharashtra,Satara,2023-24,Nitrogen,Bopardi,220.77,Low,280,560,kg/ha,27_494_shc_2023-24.2741
Maharashtra,Satara,2023-24,Nitrogen,Bopardi,208.23,Low,280,560,kg/ha,27_494_shc_2023-24.3164
Maharashtra,Satara,2023-24,Nitrogen,Bopardi,215.76,Low,280,560,kg/ha,27_494_shc_2023-24.3165
Maharashtra,Satara,2023-24,Nitrogen,Bopardi,176.87,Low,280,560,kg/ha,27_494_shc_2023-24.3183
Maharashtra,Satara,2023-24,Nitrogen,Bopardi,215.76,Low,280,560,kg/ha,27_494_shc_2023-24.5623
Maharashtra,Satara,2023-24,Nitrogen,Bopardi,229.56,Low,280,560,kg/ha,27_494_shc_2023-24.6634
Maharashtra,Satara,2023-24,Nitrogen,Bopardi,180.63,Low,280,560,kg/ha,27_494_shc_2023-24.12005
Maharashtra,Satara,2023-24,Nitrogen,Parkhandi,200.70399999999998,Low,280,560,kg/ha,27_494_shc_2023-24.1703
Maharashtra,Satara,2023-24,Nitrogen,Parkhandi,150.528,Low,280,560,kg/ha,27_494_shc_2023-24.2315
Maharashtra,Satara,2023-24,Nitrogen,Satalewadi,240.84,Low,280,560,kg/ha,27_494_shc_2023-24.2338
Maharashtra,Satara,2023-24,Nitrogen,Parkhandi,135.4752,Low,280,560,kg/ha,27_494_shc_2023-24.3020
Maharashtra,Satara,2023-24,Nitrogen,Parkhandi,200.70399999999998,Low,280,560,kg/ha,27_494_shc_2023-24.3026
Maharashtra,Satara,2023-24,Nitrogen,Parkhandi,150.528,Low,280,560,kg/ha,27_494_shc_2023-24.3027
Maharashtra,Satara,2023-24,Nitrogen,Parkhandi,160.5632,Low,280,560,kg/ha,27_494_shc_2023-24.3028
Maharashtra,Satara,2023-24,Nitrogen,Satalewadi,208.23,Low,280,560,kg/ha,27_494_shc_2023-24.3852
Maharashtra,Satara,2023-24,Nitrogen,Satalewadi,362.52,Medium,280,560,kg/ha,27_494_shc_2023-24.4803
Maharashtra,Satara,2023-24,Nitrogen,Satalewadi,262.17,Low,280,560,kg/ha,27_494_shc_2023-24.4804
Maharashtra,Satara,2023-24,Nitrogen,Satalewadi,306.07,Medium,280,560,kg/ha,27_494_shc_2023-24.4805
Maharashtra,Satara,2023-24,Nitrogen,Satalewadi,237.08,Low,280,560,kg/ha,27_494_shc_2023-24.4809
Maharashtra,Satara,2023-24,Nitrogen,Satalewadi,249.63,Low,280,560,kg/ha,27_494_shc_2023-24.4810
Maharashtra,Satara,2023-24,Nitrogen,Satalewadi,283.49,Medium,280,560,kg/ha,27_494_shc_2023-24.4811
Maharashtra,Satara,2023-24,Nitrogen,Satalewadi,278.48,Low,280,560,kg/ha,27_494_shc_2023-24.4830
Maharashtra,Satara,2023-24,Nitrogen,Satalewadi,233.32,Low,280,560,kg/ha,27_494_shc_2023-24.4836
Maharashtra,Satara,2023-24,Nitrogen,Satalewadi,279.73,Low,280,560,kg/ha,27_494_shc_2023-24.4837
Maharashtra,Satara,2023-24,Nitrogen,Satalewadi,222.03,Low,280,560,kg/ha,27_494_shc_2023-24.4838
Maharashtra,Satara,2023-24,Nitrogen,Satalewadi,225.79,Low,280,560,kg/ha,27_494_shc_2023-24.4839
Maharashtra,Satara,2023-24,Nitrogen,Satalewadi,283.49,Medium,280,560,kg/ha,27_494_shc_2023-24.4840
Maharashtra,Satara,2023-24,Nitrogen,Satalewadi,298.55,Medium,280,560,kg/ha,27_494_shc_2023-24.4841
Maharashtra,Satara,2023-24,Nitrogen,Satalewadi,232.06,Low,280,560,kg/ha,27_494_shc_2023-24.4842
Maharashtra,Satara,2023-24,Nitrogen,Satalewadi,272.2,Low,280,560,kg/ha,27_494_shc_2023-24.4858
Maharashtra,Satara,2023-24,Nitrogen,Satalewadi,327.4,Medium,280,560,kg/ha,27_494_shc_2023-24.4859
Maharashtra,Satara,2023-24,Nitrogen,Satalewadi,284.75,Medium,280,560,kg/ha,27_494_shc_2023-24.4860
Maharashtra,Satara,2023-24,Nitrogen,Satalewadi,326.14,Medium,280,560,kg/ha,27_494_shc_2023-24.4873
Maharashtra,Satara,2023-24,Nitrogen,Satalewadi,257.15,Low,280,560,kg/ha,27_494_shc_2023-24.4881
Maharashtra,Satara,2023-24,Nitrogen,Satalewadi,205.72,Low,280,560,kg/ha,27_494_shc_2023-24.4935
Maharashtra,Satara,2023-24,Nitrogen,Satalewadi,247.12,Low,280,560,kg/ha,27_494_shc_2023-24.4936
Maharashtra,Satara,2023-24,Nitrogen,Satalewadi,238.34,Low,280,560,kg/ha,27_494_shc_2023-24.4940
Maharashtra,Satara,2023-24,Nitrogen,Satalewadi,302.31,Medium,280,560,kg/ha,27_494_shc_2023-24.4941
Maharashtra,Satara,2023-24,Nitrogen,Parkhandi,137.984,Low,280,560,kg/ha,27_494_shc_2023-24.6298
Maharashtra,Satara,2023-24,Nitrogen,Satalewadi,286.0,Medium,280,560,kg/ha,27_494_shc_2023-24.6688
Maharashtra,Satara,2023-24,Nitrogen,Satalewadi,223.28,Low,280,560,kg/ha,27_494_shc_2023-24.6694
Maharashtra,Satara,2023-24,Nitrogen,Satalewadi,268.44,Low,280,560,kg/ha,27_494_shc_2023-24.7741
Maharashtra,Satara,2023-24,Nitrogen,Satalewadi,215.76,Low,280,560,kg/ha,27_494_shc_2023-24.7839
Maharashtra,Satara,2023-24,Nitrogen,Satalewadi,203.89,Low,280,560,kg/ha,27_494_shc_2023-24.9680
Maharashtra,Satara,2023-24,Nitrogen,Vahagaon,106.62400000000001,Low,280,560,kg/ha,27_494_shc_2023-24.2866
Maharashtra,Satara,2023-24,Nitrogen,Vele,148.01919999999998,Low,280,560,kg/ha,27_494_shc_2023-24.2899
Maharashtra,Satara,2023-24,Nitrogen,Bopegaon,173.1072,Low,280,560,kg/ha,27_494_shc_2023-24.3402
Maharashtra,Satara,2023-24,Nitrogen,Vele,135.4752,Low,280,560,kg/ha,27_494_shc_2023-24.5517
Maharashtra,Satara,2023-24,Nitrogen,Vahagaon,124.1856,Low,280,560,kg/ha,27_494_shc_2023-24.7146
Maharashtra,Satara,2023-24,Nitrogen,Gulumb,81.53599999999999,Low,280,560,kg/ha,27_494_shc_2023-24.12639
Maharashtra,Satara,2023-24,Nitrogen,Gulumb,144.256,Low,280,560,kg/ha,27_494_shc_2023-24.12643
Maharashtra,Satara,2023-24,Nitrogen,Gulumb,144.256,Low,280,560,kg/ha,27_494_shc_2023-24.12672
Maharashtra,Satara,2023-24,Nitrogen,Gulumb,94.08,Low,280,560,kg/ha,27_494_shc_2023-24.12673
Maharashtra,Satara,2023-24,Nitrogen,Gulumb,106.62400000000001,Low,280,560,kg/ha,27_494_shc_2023-24.12678
Maharashtra,Satara,2023-24,Nitrogen,Gulumb,119.16799999999999,Low,280,560,kg/ha,27_494_shc_2023-24.12683
Maharashtra,Satara,2023-24,Nitrogen,Thakubaichiwadi,449.08,Medium,280,560,kg/ha,27_494_shc_2023-24.1888
Maharashtra,Satara,2023-24,Nitrogen,Dhavalewadi (Ni),131.712,Low,280,560,kg/ha,27_494_shc_2023-24.11646
Maharashtra,Satara,2023-24,Nitrogen,Jinti,85.29919999999998,Low,280,560,kg/ha,27_494_shc_2023-24.10135
Maharashtra,Satara,2023-24,Nitrogen,Jinti,97.8432,Low,280,560,kg/ha,27_494_shc_2023-24.11316
Maharashtra,Satara,2023-24,Nitrogen,Jinti,2.0,Low,280,560,kg/ha,27_494_shc_2023-24.11332
Maharashtra,Satara,2023-24,Nitrogen,Jinti,135.4752,Low,280,560,kg/ha,27_494_shc_2023-24.11348
Maharashtra,Satara,2023-24,Nitrogen,Nimbalak,143.0,Low,280,560,kg/ha,27_494_shc_2023-24.2561
Maharashtra,Satara,2023-24,Nitrogen,Nimbalak,144.26,Low,280,560,kg/ha,27_494_shc_2023-24.2565
Maharashtra,Satara,2023-24,Nitrogen,Nimbalak,171.85,Low,280,560,kg/ha,27_494_shc_2023-24.2570
Maharashtra,Satara,2023-24,Nitrogen,Nimbalak,203.21,Low,280,560,kg/ha,27_494_shc_2023-24.2617
Maharashtra,Satara,2023-24,Nitrogen,Nimbalak,218.27,Low,280,560,kg/ha,27_494_shc_2023-24.4436
Maharashtra,Satara,2023-24,Nitrogen,Nimbalak,191.92,Low,280,560,kg/ha,27_494_shc_2023-24.4437
Maharashtra,Satara,2023-24,Nitrogen,Nimbalak,180.63,Low,280,560,kg/ha,27_494_shc_2023-24.4443
Maharashtra,Satara,2023-24,Nitrogen,Nimbalak,176.87,Low,280,560,kg/ha,27_494_shc_2023-24.5625
Maharashtra,Satara,2023-24,Nitrogen,Nimbalak,185.65,Low,280,560,kg/ha,27_494_shc_2023-24.5871
Maharashtra,Satara,2023-24,Nitrogen,Nimbalak,222.03,Low,280,560,kg/ha,27_494_shc_2023-24.6751
Maharashtra,Satara,2023-24,Nitrogen,Yeruli,449.07519999999994,Medium,280,560,kg/ha,27_494_shc_2023-24.2590
Maharashtra,Satara,2023-24,Nitrogen,Yeruli,132.9664,Low,280,560,kg/ha,27_494_shc_2023-24.10574
Maharashtra,Satara,2023-24,Nitrogen,Yeruli,411.4432,Medium,280,560,kg/ha,27_494_shc_2023-24.10575
Maharashtra,Satara,2023-24,Nitrogen,Yeruli,92.82560000000001,Low,280,560,kg/ha,27_494_shc_2023-24.10594
Maharashtra,Satara,2023-24,Nitrogen,Ghatdare,199.45,Low,280,560,kg/ha,27_494_shc_2023-24.2196
Maharashtra,Satara,2023-24,Nitrogen,Ghatdare,311.09,Medium,280,560,kg/ha,27_494_shc_2023-24.7011
Maharashtra,Satara,2023-24,Nitrogen,Chavhanwadi,249.63,Low,280,560,kg/ha,27_494_shc_2023-24.2415
Maharashtra,Satara,2023-24,Nitrogen,Chavhanwadi,351.23,Medium,280,560,kg/ha,27_494_shc_2023-24.6599
Maharashtra,Satara,2023-24,Nitrogen,Chavhanwadi,257.15,Low,280,560,kg/ha,27_494_shc_2023-24.6716
Maharashtra,Satara,2023-24,Nitrogen,Survadi,401.41,Medium,280,560,kg/ha,27_494_shc_2023-24.6450
Maharashtra,Satara,2023-24,Nitrogen,Kambleshwar,303.56,Medium,280,560,kg/ha,27_494_shc_2023-24.1891
Maharashtra,Satara,2023-24,Nitrogen,Kambleshwar,232.06,Low,280,560,kg/ha,27_494_shc_2023-24.1955
Maharashtra,Satara,2023-24,Nitrogen,Kambleshwar,179.38,Low,280,560,kg/ha,27_494_shc_2023-24.1956
Maharashtra,Satara,2023-24,Nitrogen,Kambleshwar,260.92,Low,280,560,kg/ha,27_494_shc_2023-24.3107
Maharashtra,Satara,2023-24,Nitrogen,Kambleshwar,235.83,Low,280,560,kg/ha,27_494_shc_2023-24.4149
Maharashtra,Satara,2023-24,Nitrogen,Kambleshwar,225.79,Low,280,560,kg/ha,27_494_shc_2023-24.5204
Maharashtra,Satara,2023-24,Nitrogen,Kambleshwar,229.56,Low,280,560,kg/ha,27_494_shc_2023-24.6712
Maharashtra,Satara,2023-24,Nitrogen,Kambleshwar,264.68,Low,280,560,kg/ha,27_494_shc_2023-24.6731
Maharashtra,Satara,2023-24,Nitrogen,Kambleshwar,242.1,Low,280,560,kg/ha,27_494_shc_2023-24.6890
Maharashtra,Satara,2023-24,Nitrogen,Kavathe,206.98,Low,280,560,kg/ha,27_494_shc_2023-24.6242
Maharashtra,Satara,2023-24,Nitrogen,Kavathe,130.46,Low,280,560,kg/ha,27_494_shc_2023-24.6243
Maharashtra,Satara,2023-24,Nitrogen,Kavathe,234.57,Low,280,560,kg/ha,27_494_shc_2023-24.6270
Maharashtra,Satara,2023-24,Nitrogen,Kavathe,392.63,Medium,280,560,kg/ha,27_494_shc_2023-24.6590
Maharashtra,Satara,2023-24,Nitrogen,Kavathe,234.57279999999994,Low,280,560,kg/ha,27_494_shc_2023-24.6849
Maharashtra,Satara,2023-24,Nitrogen,Kavathe,214.5024,Low,280,560,kg/ha,27_494_shc_2023-24.7391
Maharashtra,Satara,2023-24,Nitrogen,Kavathe,373.81,Medium,280,560,kg/ha,27_494_shc_2023-24.7744
Maharashtra,Satara,2023-24,Nitrogen,Kavathe,204.4672,Low,280,560,kg/ha,27_494_shc_2023-24.9637
Maharashtra,Satara,2023-24,Nitrogen,Kavathe,237.08159999999995,Low,280,560,kg/ha,27_494_shc_2023-24.9663
Maharashtra,Satara,2023-24,Nitrogen,Kavathe,132.9664,Low,280,560,kg/ha,27_494_shc_2023-24.9683
Maharashtra,Satara,2023-24,Nitrogen,Kavathe,249.62559999999996,Low,280,560,kg/ha,27_494_shc_2023-24.9684
Maharashtra,Satara,2023-24,Nitrogen,Kavathe,235.82719999999998,Low,280,560,kg/ha,27_494_shc_2023-24.9687
Maharashtra,Satara,2023-24,Nitrogen,Kavathe,245.86239999999998,Low,280,560,kg/ha,27_494_shc_2023-24.9690
Maharashtra,Satara,2023-24,Nitrogen,Kavathe,160.56319999999997,Low,280,560,kg/ha,27_494_shc_2023-24.9692
Maharashtra,Satara,2023-24,Nitrogen,Kavathe,224.5376,Low,280,560,kg/ha,27_494_shc_2023-24.9694
Maharashtra,Satara,2023-24,Nitrogen,Kavathe,237.08,Low,280,560,kg/ha,27_494_shc_2023-24.2965
Maharashtra,Satara,2023-24,Nitrogen,Kavathe,267.19,Low,280,560,kg/ha,27_494_shc_2023-24.6258
Maharashtra,Satara,2023-24,Nitrogen,Kavathe,328.65,Medium,280,560,kg/ha,27_494_shc_2023-24.6286
Maharashtra,Satara,2023-24,Nitrogen,Bhadavade,190.67,Low,280,560,kg/ha,27_494_shc_2023-24.2308
Maharashtra,Satara,2023-24,Nitrogen,Bhadavade,229.56,Low,280,560,kg/ha,27_494_shc_2023-24.4902
Maharashtra,Satara,2023-24,Nitrogen,Bhadavade,257.15,Low,280,560,kg/ha,27_494_shc_2023-24.4913
Maharashtra,Satara,2023-24,Nitrogen,Bhadavade,223.28,Low,280,560,kg/ha,27_494_shc_2023-24.5531
Maharashtra,Satara,2023-24,Nitrogen,Bhadavade,232.06,Low,280,560,kg/ha,27_494_shc_2023-24.5795
Maharashtra,Satara,2023-24,Nitrogen,Bhadavade,232.06,Low,280,560,kg/ha,27_494_shc_2023-24.5796
Maharashtra,Satara,2023-24,Nitrogen,Bhadavade,273.46,Low,280,560,kg/ha,27_494_shc_2023-24.5798
Maharashtra,Satara,2023-24,Nitrogen,Bhadavade,312.35,Medium,280,560,kg/ha,27_494_shc_2023-24.6212
Maharashtra,Satara,2023-24,Nitrogen,Bhadavade,205.72,Low,280,560,kg/ha,27_494_shc_2023-24.6803
Maharashtra,Satara,2023-24,Nitrogen,Bhadavade,395.14,Medium,280,560,kg/ha,27_494_shc_2023-24.7396
Maharashtra,Satara,2023-24,Nitrogen,Bhadavade,58.96,Low,280,560,kg/ha,27_494_shc_2023-24.7449
Maharashtra,Satara,2023-24,Nitrogen,Bhadavade,309.84,Medium,280,560,kg/ha,27_494_shc_2023-24.7701
Maharashtra,Satara,2023-24,Nitrogen,Bhadavade,224.54,Low,280,560,kg/ha,27_494_shc_2023-24.8462
Maharashtra,Satara,2023-24,Nitrogen,Shedgewadi,289.77,Medium,280,560,kg/ha,27_494_shc_2023-24.6035
Maharashtra,Satara,2023-24,Nitrogen,Shedgewadi,250.88,Low,280,560,kg/ha,27_494_shc_2023-24.6037
Maharashtra,Satara,2023-24,Nitrogen,Shedgewadi,245.86,Low,280,560,kg/ha,27_494_shc_2023-24.6447
Maharashtra,Satara,2023-24,Nitrogen,Shedgewadi,286.0,Medium,280,560,kg/ha,27_494_shc_2023-24.11724
Maharashtra,Satara,2023-24,Nitrogen,Shekhmirwadi,158.05,Low,280,560,kg/ha,27_494_shc_2023-24.2876
Maharashtra,Satara,2023-24,Nitrogen,Shekhmirwadi,110.3872,Low,280,560,kg/ha,27_494_shc_2023-24.3636
Maharashtra,Satara,2023-24,Nitrogen,Shekhmirwadi,175.62,Low,280,560,kg/ha,27_494_shc_2023-24.6189
Maharashtra,Satara,2023-24,Nitrogen,Shekhmirwadi,160.56,Low,280,560,kg/ha,27_494_shc_2023-24.6190
Maharashtra,Satara,2023-24,Nitrogen,Shekhmirwadi,210.73919999999998,Low,280,560,kg/ha,27_494_shc_2023-24.6191
Maharashtra,Satara,2023-24,Nitrogen,Shekhmirwadi,183.14,Low,280,560,kg/ha,27_494_shc_2023-24.6192
Maharashtra,Satara,2023-24,Nitrogen,Shekhmirwadi,160.5632,Low,280,560,kg/ha,27_494_shc_2023-24.6193
Maharashtra,Satara,2023-24,Nitrogen,Shekhmirwadi,110.3872,Low,280,560,kg/ha,27_494_shc_2023-24.6194
Maharashtra,Satara,2023-24,Nitrogen,Shekhmirwadi,173.1072,Low,280,560,kg/ha,27_494_shc_2023-24.6195
Maharashtra,Satara,2023-24,Nitrogen,Shekhmirwadi,135.4752,Low,280,560,kg/ha,27_494_shc_2023-24.6200
Maharashtra,Satara,2023-24,Nitrogen,Shekhmirwadi,97.8432,Low,280,560,kg/ha,27_494_shc_2023-24.6201
Maharashtra,Satara,2023-24,Nitrogen,Bhadavade,237.08,Low,280,560,kg/ha,27_494_shc_2023-24.4907
Maharashtra,Satara,2023-24,Nitrogen,Shekhmirwadi,196.94,Low,280,560,kg/ha,27_494_shc_2023-24.6135
Maharashtra,Satara,2023-24,Nitrogen,Shekhmirwadi,131.71,Low,280,560,kg/ha,27_494_shc_2023-24.6136
Maharashtra,Satara,2023-24,Nitrogen,Shekhmirwadi,200.7,Low,280,560,kg/ha,27_494_shc_2023-24.6141
Maharashtra,Satara,2023-24,Nitrogen,Shekhmirwadi,146.76,Low,280,560,kg/ha,27_494_shc_2023-24.6173
Maharashtra,Satara,2023-24,Nitrogen,Shekhmirwadi,209.48,Low,280,560,kg/ha,27_494_shc_2023-24.6175
